puzzle_id	solution_length	solution	beam_effective	final_orientation	touch_radius	model_class	author_name	submitted_at	competition	puzzle_type	beam_requested	beam_alignment_delta	solution_mode	collection_status	collection_index	solved_depth	touch_depth	max_depth	max_collected_solutions	model_id	model_filename	model_sha256	model_format	model_dtype	model_output_dim	platform	gpu_names	gpu_count	world_size	native_sm	vram_mib_per_gpu	solve_us	wall_us	profile_id	profile_power	profile_status	run_id	submission_id	idempotency_key	solver_commit	producer_url	record_path
0	1	f1	65536	original	4	output_move_count	public-example-cayleypy-2xt4-444-example	2026-08-01T12:43:19.074Z	cayley-py-444-cube	cayleypy-96-24-b1f3fc405bc56fff	65536	0	first	first_solution	0	1	0	100	100	model.pth@58af301a4f2b	model.pth	58af301a4f2b77d503b6e12d450589c64c076624d3e1ff291128c23663ad3164	piece-transformer	fp16	24	kaggle	Tesla T4|Tesla T4	2	2			8881888	200326938	p16-output_move_count	16	measured-kaggle-2xt4	run-177c67f31de840908a93dff8bb463690	019fbd59-b1e9-7ad0-88af-9a90bdb3d917	5caa6f4b847b5a5597b40e27a19e9a76c42f7a8c7592bee7b713843e458f8c75	cb9e911914bdb4ac63c2b5306f554e5a76b9884e	https://www.kaggle.com/code/trydotatwo/cayleypy-2xt4-444-example	results/v1/cayley-py-444-cube/cayleypy-96-24-b1f3fc405bc56fff/0/2026-08-01/019fbd59-b1e9-7ad0-88af-9a90bdb3d917.json
271	46	f3.r3.f2.-r1.r2.f3.-d3.r1.-f0.-r2.-d2.f1.r3.-d0.-d2.f1.f2.-d1.r3.d1.f3.-f1.r3.-f1.-f2.f0.r0.r2.d2.-r0.f1.-d1.-d1.f3.-f2.-f1.-r1.-f3.-f1.f2.d1.d1.f1.f1.f0.d1	53690368	original	4	output_move_count	public-example-cayleypy-2xt4-444-example	2026-08-02T09:08:12.597Z	cayley-py-444-cube	cayleypy-96-24-b1f3fc405bc56fff	53687091	3277	first	first_solution	0	42	4	100	100	model.pth@58af301a4f2b	model.pth	58af301a4f2b77d503b6e12d450589c64c076624d3e1ff291128c23663ad3164	piece-transformer	fp16	24	kaggle	Tesla T4|Tesla T4	2	2			41430426531	41606827025	p26-output_move_count	26	measured-kaggle-2xt4	run-de92c15cbdcf4708bb8ffa1c8f5fb12a	019fc1bb-1dc9-7645-ae5b-3a244473ef33	4f6e686b648955f64f2bfd63b104938aa48652421f6e973f883854d85a55ae96	f679504baddbab3765c91af526e57ec9360cf309	https://www.kaggle.com/code/trydotatwo/cayleypy-2xt4-444-example	results/v1/cayley-py-444-cube/cayleypy-96-24-b1f3fc405bc56fff/271/2026-08-02/019fc1bb-1dc9-7645-ae5b-3a244473ef33.json
500	45	r0.-f0.-d0.-d3.f3.d3.r2.d3.r3.-f2.r3.f0.-r0.f1.f1.r0.f0.-d3.-f3.-r3.-r2.-f3.r3.d1.f3.r2.-f0.-d1.f0.d2.r3.d1.f0.f1.-r2.f0.f0.-d2.-f1.-r2.d2.r2.f0.-d1.r2	1048576	original	4	output_move_count	public-example-cayleypy-2xt4-4x4x4-recommended	2026-08-02T17:24:31.111Z	cayley-py-444-cube	cayleypy-96-24-b1f3fc405bc56fff	1048576	0	first	first_solution	0	41	4	100	100	model.pth@58af301a4f2b	model.pth	58af301a4f2b77d503b6e12d450589c64c076624d3e1ff291128c23663ad3164	piece-transformer	fp16	24	kaggle	Tesla T4|Tesla T4	2	2			907622373	1084871342	p20-output_move_count	20	measured-kaggle-2xt4	run-28a68148cc5d4d60aed4e61f4bd69a9d	019fc381-7f5c-7a7f-aafa-cb0fb5702887	c06c1b16e0c4cf460ad89abbe3722f5e92ce519d1cbb258622befd4eab2698d7	cec74003f262e9d93d2fc0cc56a5e2d49a5010e0	https://www.kaggle.com/code/trydotatwo/cayleypy-2xt4-4x4x4-recommended	results/v1/cayley-py-444-cube/cayleypy-96-24-b1f3fc405bc56fff/500/2026-08-02/019fc381-7f5c-7a7f-aafa-cb0fb5702887.json
632	47	d2.r3.-f0.d0.-r3.-f0.-f1.r2.r0.r2.-r3.d3.f1.-r1.f3.-d3.-d0.-f3.d0.-r1.-f1.-f3.r1.-f0.-r1.d1.-r2.f1.-d1.-r2.-d2.r2.r2.r0.-f1.-d2.f1.-r0.f3.d0.f0.-d2.-f2.d2.f2.-r1.-f0	8388608	original	4	output_move_count	public-example-cayleypy-2xt4-444-example	2026-08-02T17:51:56.070Z	cayley-py-444-cube	cayleypy-96-24-b1f3fc405bc56fff	8388608	0	first	first_solution	0	43	4	100	100	model.pth@58af301a4f2b	model.pth	58af301a4f2b77d503b6e12d450589c64c076624d3e1ff291128c23663ad3164	piece-transformer	fp16	24	kaggle	Tesla T4|Tesla T4	2	2			25677435129	25849251161	p23-output_move_count	23	measured-kaggle-2xt4	run-6a548af8b6d54dee892eba738a241c6c	019fc39a-9a32-721a-84f8-77de01430b89	6ea9d3cc4cc5c7316b4f9a0f2c8a77877fb4dcee012064b5168e21609143474f	f679504baddbab3765c91af526e57ec9360cf309	https://www.kaggle.com/code/trydotatwo/cayleypy-2xt4-444-example	results/v1/cayley-py-444-cube/cayleypy-96-24-b1f3fc405bc56fff/632/2026-08-02/019fc39a-9a32-721a-84f8-77de01430b89.json
633	48	f0.-d2.-f1.-d3.r3.-d1.-f2.-r2.d3.-r3.f0.-d1.-d2.-f3.-r1.d1.-r0.-d1.-d0.-r0.d0.r0.-f0.r3.-d3.-d1.f2.f1.-r1.f0.r2.f3.r1.-f3.-r1.-r2.d2.d1.-f2.-d2.r1.-f0.-d2.-f1.d2.-r1.d3.r1	8388608	original	4	output_move_count	public-example-cayleypy-2xt4-444-example	2026-08-02T17:51:56.140Z	cayley-py-444-cube	cayleypy-96-24-b1f3fc405bc56fff	8388608	0	first	first_solution	0	44	4	100	100	model.pth@58af301a4f2b	model.pth	58af301a4f2b77d503b6e12d450589c64c076624d3e1ff291128c23663ad3164	piece-transformer	fp16	24	kaggle	Tesla T4|Tesla T4	2	2			25677435129	25849251161	p23-output_move_count	23	measured-kaggle-2xt4	run-6a548af8b6d54dee892eba738a241c6c	019fc39a-9a31-72fa-8526-f319ee0ec4ba	8b04760bd0b22a952e47ab36b04a07e2a7197107dcf345a6304ebaf829277f70	f679504baddbab3765c91af526e57ec9360cf309	https://www.kaggle.com/code/trydotatwo/cayleypy-2xt4-444-example	results/v1/cayley-py-444-cube/cayleypy-96-24-b1f3fc405bc56fff/633/2026-08-02/019fc39a-9a31-72fa-8526-f319ee0ec4ba.json
634	49	'-f3.-d0.f3.r3.-r0.-f0.r2.-f0.r0.-d1.r1.-f3.f1.r1.r1.-f1.r3.-f0.d0.r0.d0.d1.-f3.d1.f3.r1.d0.-d1.d0.r2.d0.-f3.r2.f3.r2.f2.r2.-f2.f1.-d2.r2.-d2.r2.d0.-r2.d2.r2.-f1.r2	8388608	original	4	output_move_count	public-example-cayleypy-2xt4-444-example	2026-08-02T17:51:56.163Z	cayley-py-444-cube	cayleypy-96-24-b1f3fc405bc56fff	8388608	0	first	first_solution	0	45	4	100	100	model.pth@58af301a4f2b	model.pth	58af301a4f2b77d503b6e12d450589c64c076624d3e1ff291128c23663ad3164	piece-transformer	fp16	24	kaggle	Tesla T4|Tesla T4	2	2			25677435129	25849251161	p23-output_move_count	23	measured-kaggle-2xt4	run-6a548af8b6d54dee892eba738a241c6c	019fc39a-9a6b-73aa-b46f-cf299fafdd88	cb8c970908905666ec2b4130e4a210f35a88602fc8129affa9d7384c5c1d47ad	f679504baddbab3765c91af526e57ec9360cf309	https://www.kaggle.com/code/trydotatwo/cayleypy-2xt4-444-example	results/v1/cayley-py-444-cube/cayleypy-96-24-b1f3fc405bc56fff/634/2026-08-02/019fc39a-9a6b-73aa-b46f-cf299fafdd88.json
635	48	'-r2.-f0.d1.r1.-d3.r3.f2.r3.-f2.r1.-d0.r3.f0.-d0.-f0.d3.r3.r3.-d0.-r3.d2.d1.-d0.-f3.-d3.r1.-f0.r2.f0.f2.d3.-f1.d0.-r2.-d0.f3.r2.d1.-r2.d3.r2.-d3.f1.d3.-r2.-d3.d0.-r1	8388608	original	4	output_move_count	public-example-cayleypy-2xt4-444-example	2026-08-02T17:51:56.185Z	cayley-py-444-cube	cayleypy-96-24-b1f3fc405bc56fff	8388608	0	first	first_solution	0	44	4	100	100	model.pth@58af301a4f2b	model.pth	58af301a4f2b77d503b6e12d450589c64c076624d3e1ff291128c23663ad3164	piece-transformer	fp16	24	kaggle	Tesla T4|Tesla T4	2	2			25677435129	25849251161	p23-output_move_count	23	measured-kaggle-2xt4	run-6a548af8b6d54dee892eba738a241c6c	019fc39a-9a30-709c-bd77-1bf092a86b2c	fe592600c777ce266e97df6c7199c68bc3e64340274ac417edec5c10c0877a81	f679504baddbab3765c91af526e57ec9360cf309	https://www.kaggle.com/code/trydotatwo/cayleypy-2xt4-444-example	results/v1/cayley-py-444-cube/cayleypy-96-24-b1f3fc405bc56fff/635/2026-08-02/019fc39a-9a30-709c-bd77-1bf092a86b2c.json
636	41	r2.-d3.r2.-f3.-r0.-d2.d3.f0.d2.r2.-d0.r1.-f2.-d1.f1.r1.r3.d3.r3.-r2.-r0.-f3.r1.-d2.r1.f1.-d2.-d2.r2.-f1.r0.f1.-r0.f1.r0.-f1.r1.d2.r1.-d2.-r1	8388608	original	4	output_move_count	public-example-cayleypy-2xt4-444-example	2026-08-02T18:30:55.854Z	cayley-py-444-cube	cayleypy-96-24-b1f3fc405bc56fff	8388608	0	first	first_solution	0	37	4	100	100	model.pth@58af301a4f2b	model.pth	58af301a4f2b77d503b6e12d450589c64c076624d3e1ff291128c23663ad3164	piece-transformer	fp16	24	kaggle	Tesla T4|Tesla T4	2	2			28028820110	28196599911	p23-output_move_count	23	measured-kaggle-2xt4	run-24ae7e64a0c14d18a90745013b7b79f2	019fc3be-4e26-7cac-8637-25bd2f25bd6f	68f3c546355a087019e5b244df22df00caf120d89c3b8d41dc1dc6ae3cf94241	f679504baddbab3765c91af526e57ec9360cf309	https://www.kaggle.com/code/trydotatwo/cayleypy-2xt4-444-example	results/v1/cayley-py-444-cube/cayleypy-96-24-b1f3fc405bc56fff/636/2026-08-02/019fc3be-4e26-7cac-8637-25bd2f25bd6f.json
637	48	'-f0.-d3.f0.-r3.f0.r1.-d3.d0.r1.r0.-f0.-d0.-r1.-r0.-f0.-r2.-f3.r2.f0.-d1.-r0.-f3.-r0.d1.-r0.d1.f2.-d1.f2.r0.d1.r0.r0.-f0.-r1.r3.f2.r2.f1.-d1.-r2.d1.r1.-f2.d1.-r3.f0.r3	8388608	original	4	output_move_count	public-example-cayleypy-2xt4-444-example	2026-08-02T18:30:55.921Z	cayley-py-444-cube	cayleypy-96-24-b1f3fc405bc56fff	8388608	0	first	first_solution	0	44	4	100	100	model.pth@58af301a4f2b	model.pth	58af301a4f2b77d503b6e12d450589c64c076624d3e1ff291128c23663ad3164	piece-transformer	fp16	24	kaggle	Tesla T4|Tesla T4	2	2			28028820110	28196599911	p23-output_move_count	23	measured-kaggle-2xt4	run-24ae7e64a0c14d18a90745013b7b79f2	019fc3be-4e26-7f3d-bf53-4d79fb34b139	49925854d41466b8d35636bebb24509c12446ad6d20a6bf20b475c443e53fcc9	f679504baddbab3765c91af526e57ec9360cf309	https://www.kaggle.com/code/trydotatwo/cayleypy-2xt4-444-example	results/v1/cayley-py-444-cube/cayleypy-96-24-b1f3fc405bc56fff/637/2026-08-02/019fc3be-4e26-7f3d-bf53-4d79fb34b139.json
638	45	f2.d3.f2.-f3.-r2.-r2.d3.-r1.-d2.-f2.d3.r0.r0.d0.-f0.r3.-f3.f0.-d3.d1.-r1.-f3.r0.-d1.-r0.-r3.-f2.d3.r3.r1.-d1.-r3.-d3.-f0.-d1.f2.-d1.-r2.-d1.-d1.r2.f0.-r2.d3.d0	8388608	original	4	output_move_count	public-example-cayleypy-2xt4-444-example	2026-08-02T18:30:55.943Z	cayley-py-444-cube	cayleypy-96-24-b1f3fc405bc56fff	8388608	0	first	first_solution	0	41	4	100	100	model.pth@58af301a4f2b	model.pth	58af301a4f2b77d503b6e12d450589c64c076624d3e1ff291128c23663ad3164	piece-transformer	fp16	24	kaggle	Tesla T4|Tesla T4	2	2			28028820110	28196599911	p23-output_move_count	23	measured-kaggle-2xt4	run-24ae7e64a0c14d18a90745013b7b79f2	019fc3be-4e20-70f4-b2f1-613ef7cac246	198da5ec6fbc1e4d6d4038f1dab2805edebea66d449cae4c8c31d1de1081f0fe	f679504baddbab3765c91af526e57ec9360cf309	https://www.kaggle.com/code/trydotatwo/cayleypy-2xt4-444-example	results/v1/cayley-py-444-cube/cayleypy-96-24-b1f3fc405bc56fff/638/2026-08-02/019fc3be-4e20-70f4-b2f1-613ef7cac246.json
639	48	f1.d2.-r0.-f1.-d3.-r3.-d1.r1.d1.-f1.d1.-d3.-r0.-f3.r0.-f3.-d1.-f1.-r1.f1.-d2.-d3.f0.d3.-f1.f0.-r1.f2.f0.r1.-f3.-f3.-d1.-d1.-f2.-d1.f0.r0.-f0.-r0.f2.r0.f0.r0.r0.-f2.r0.f3	8388608	original	4	output_move_count	public-example-cayleypy-2xt4-444-example	2026-08-02T18:30:55.966Z	cayley-py-444-cube	cayleypy-96-24-b1f3fc405bc56fff	8388608	0	first	first_solution	0	44	4	100	100	model.pth@58af301a4f2b	model.pth	58af301a4f2b77d503b6e12d450589c64c076624d3e1ff291128c23663ad3164	piece-transformer	fp16	24	kaggle	Tesla T4|Tesla T4	2	2			28028820110	28196599911	p23-output_move_count	23	measured-kaggle-2xt4	run-24ae7e64a0c14d18a90745013b7b79f2	019fc3be-4e23-70ef-bded-f7413fdb2442	da83a3241bb0fb5542b7a8053fb60ebb73e79946b2aa53b9bbd57e343a336030	f679504baddbab3765c91af526e57ec9360cf309	https://www.kaggle.com/code/trydotatwo/cayleypy-2xt4-444-example	results/v1/cayley-py-444-cube/cayleypy-96-24-b1f3fc405bc56fff/639/2026-08-02/019fc3be-4e23-70ef-bded-f7413fdb2442.json
1000	54	'-d0.r0.-f0.-f0.-r2.d1.-f2.-r3.-f3.f0.-f3.r3.f0.-r3.-d2.d1.r0.-d1.r3.-d3.-d2.-f3.-d2.d3.-r3.-f3.-r3.-r3.-d3.-r3.d3.-r3.d2.r0.r3.d2.-r0.d2.-d0.-f0.d1.f0.d0.-d2.-f0.-d1.f2.-d0.-f2.-d2.f2.d0.-f2.f0	65536	original	4	output_move_count	public-example-cayleypy-2xt4-4x4x4-recommended	2026-08-02T17:04:18.792Z	cayley-py-444-cube	cayleypy-96-24-b1f3fc405bc56fff	65536	0	first	first_solution	0	50	4	100	100	model.pth@58af301a4f2b	model.pth	58af301a4f2b77d503b6e12d450589c64c076624d3e1ff291128c23663ad3164	piece-transformer	fp16	24	kaggle	Tesla T4|Tesla T4	2	2			67966305	234705353	p16-output_move_count	16	measured-kaggle-2xt4	run-7e2313c1a79a4c2095e196c987de6095	019fc36e-ffaf-744c-a12f-7cc01d2984d9	f2ad5b9cf38b0e4c03b1f88dc7edeb43c05e9032a3954a86dec49399dff326c3	cec74003f262e9d93d2fc0cc56a5e2d49a5010e0	https://www.kaggle.com/code/trydotatwo/cayleypy-2xt4-4x4x4-recommended	results/v1/cayley-py-444-cube/cayleypy-96-24-b1f3fc405bc56fff/1000/2026-08-02/019fc36e-ffaf-744c-a12f-7cc01d2984d9.json
1001	50	d2.-f3.-d1.-f3.r2.d0.-r0.r3.r3.f1.-d3.f0.-d1.r3.-d2.d1.f0.r3.-f0.f3.-d1.-f1.-f3.d2.f1.r0.-f1.d3.d0.-f1.-d3.-f2.-d0.-d0.f2.r3.-d3.r3.-f3.-d3.r3.d3.-f0.-d0.f3.-r3.-f3.-d0.-r3.f0	262144	original	4	output_move_count	public-example-cayleypy-2xt4-444-example	2026-08-01T19:11:23.165Z	cayley-py-444-cube	cayleypy-96-24-b1f3fc405bc56fff	262144	0	first	first_solution	0	46	4	100	100	model.pth@58af301a4f2b	model.pth	58af301a4f2b77d503b6e12d450589c64c076624d3e1ff291128c23663ad3164	piece-transformer	fp16	24	kaggle	Tesla T4|Tesla T4	2	2			229504484	417371226	p18-output_move_count	18	measured-kaggle-2xt4	run-a7b7d43da6c74972aad063cf6a43e608	019fbebc-fb54-705b-ab44-b61dc439d43d	5f6b186051d7f3cf16c90e0991571626da196782ccaeca488f6317e03235fa33	f2261a81873ea162a0c36ba8874b9173db8d4083	https://www.kaggle.com/code/trydotatwo/cayleypy-2xt4-444-example	results/v1/cayley-py-444-cube/cayleypy-96-24-b1f3fc405bc56fff/1001/2026-08-01/019fbebc-fb54-705b-ab44-b61dc439d43d.json
10	10	'-B.-BL.-U.-BL.BR.FL.-DL.-R.-BL.F	65536	original	4	output_move_count	public-example-cayleypy-2xt4-megaminx-example	2026-08-01T10:18:36.533Z	cayley-py-megaminx	cayleypy-120-24-cfa02f58c6b66053	65536	0	first	first_solution	0	6	4	100	100	p900-t000-q-sym_1777988767_best.pth@e7bda332b53a	p900-t000-q-sym_1777988767_best.pth	e7bda332b53acc9363edd8ec682a211c1a8b8a315ec26ff8e8928efa5d2ca670	batchnorm-folded	fp16	24	kaggle	Tesla T4|Tesla T4	2	2			7081528	158988713	p16-output_move_count	16	measured-kaggle-2xt4	run-d694bd8c144f4d35bfe631c978a09d05	019fbcd5-34fe-7149-b083-3e9d006e06c1	51039602bf08fa03f69d4f71a05d869e679108821d193a1a3a1bbe916293abaf	039a4fb9c699bda644efbb0f8ee7a5b51efbb5d2	https://www.kaggle.com/code/trydotatwo/cayleypy-2xt4-megaminx-example	results/v1/cayley-py-megaminx/cayleypy-120-24-cfa02f58c6b66053/10/2026-08-01/019fbcd5-34fe-7149-b083-3e9d006e06c1.json
0	1	'-2D	65536	original	0	output1	public-example-cayleypy-2xt4-tetraminx-example	2026-08-01T07:57:16.855Z	cayley-py-professor-tetraminx-solve-optimally	cayleypy-88-24-2205a85668214f05	65536	0	first	first_solution	0	1	0	100	100	p888-t000_1765097793_e01024.pth@10d0ccebd3bf	p888-t000_1765097793_e01024.pth	10d0ccebd3bf83c8cb7bf50eb4960430acb1e463fbf24a8c32a91cda119528bf	batchnorm-folded	fp16	1	kaggle	Tesla T4|Tesla T4	2	2			5772677	146485727	p16-output1	16	measured-kaggle-2xt4	run-b372fd6ad4fb4b6b8c17ebdbd76b443d	019fbc53-d18f-78e6-a5ee-bf0701b8cb82	2833675eaf8bb9501b65521ced20b94c7d83480923eaf574f4dfbecafbee5e2a	a1db0e6d9bb5458c8a842b37dfa99572d3025667	https://www.kaggle.com/code/trydotatwo/cayleypy-2xt4-tetraminx-example	results/v1/cayley-py-professor-tetraminx-solve-optimally/cayleypy-88-24-2205a85668214f05/0/2026-08-01/019fbc53-d18f-78e6-a5ee-bf0701b8cb82.json
10	11	4D.2BR.-2BL.-4F.-2F.2BL.3BL.3D.-3BL.2F.3BL	65536	original	0	output1	public-example-cayleypy-2xt4-tetraminx-example	2026-08-01T08:16:57.319Z	cayley-py-professor-tetraminx-solve-optimally	cayleypy-88-24-2205a85668214f05	65536	0	first	first_solution	0	11	0	100	100	p888-t000_1765097793_e01024.pth@10d0ccebd3bf	p888-t000_1765097793_e01024.pth	10d0ccebd3bf83c8cb7bf50eb4960430acb1e463fbf24a8c32a91cda119528bf	batchnorm-folded	fp16	1	kaggle	Tesla T4|Tesla T4	2	2			10623145	151915361	p16-output1	16	measured-kaggle-2xt4	run-f07edfdda9564ccba7a30fd7b36b4c76	019fbc65-d4dc-7c08-ab1d-ad31602bc886	bb0e5b92e28267bd97855ab925f945f847751f4713ddcf8fadab9af5d5393f4e	a1db0e6d9bb5458c8a842b37dfa99572d3025667	https://www.kaggle.com/code/trydotatwo/cayleypy-2xt4-tetraminx-example	results/v1/cayley-py-professor-tetraminx-solve-optimally/cayleypy-88-24-2205a85668214f05/10/2026-08-01/019fbc65-d4dc-7c08-ab1d-ad31602bc886.json
55	31	'-4BR.2D.3F.4BL.2D.-3D.3BL.2BR.2BL.-4BR.-2F.-3BL.2BL.-3BR.-3F.2F.-2D.4D.-2BR.3BL.-2F.-3BL.-2F.-4F.2D.2F.3D.2F.-2D.-2F.-3D	65536	original	4	output1	public-example-cayleypy-2xt4-tetraminx-recommended	2026-08-02T17:28:42.413Z	cayley-py-professor-tetraminx-solve-optimally	cayleypy-88-24-2205a85668214f05	65536	0	first	first_solution	0	27	4	100	100	p888-t000_1765097793_e01024.pth@10d0ccebd3bf	p888-t000_1765097793_e01024.pth	10d0ccebd3bf83c8cb7bf50eb4960430acb1e463fbf24a8c32a91cda119528bf	batchnorm-folded	fp16	1	kaggle	Tesla T4|Tesla T4	2	2			10967336	148003065	p16-output1	16	measured-kaggle-2xt4	run-7c9ab7ad6f9a49b1ae91347b5a71f665	019fc385-55c9-7493-b629-0b07725a0454	5782ff9de2e0641ad26145ab0cdbd4ce0be6424a195471b26a22696e921e5aec	cec74003f262e9d93d2fc0cc56a5e2d49a5010e0	https://www.kaggle.com/code/trydotatwo/cayleypy-2xt4-tetraminx-recommended	results/v1/cayley-py-professor-tetraminx-solve-optimally/cayleypy-88-24-2205a85668214f05/55/2026-08-02/019fc385-55c9-7493-b629-0b07725a0454.json
999	31	4D.2F.-4F.-4BL.2BR.2D.-2F.-3D.2F.4D.2BL.4D.-3BR.-4BR.-2D.-2F.-3BL.2D.2F.2BR.2F.-4BR.3BR.-2BR.-2F.2BL.-2F.-2D.2BR.2BL.-4BR	33554432	original	4	output1	public-example-cayleypy-2xt4-tetraminx-example	2026-08-01T21:00:04.520Z	cayley-py-professor-tetraminx-solve-optimally	cayleypy-88-24-2205a85668214f05	33554432	0	first	first_solution	0	27	4	100	100	p888-t000_1765097793_e01024.pth@10d0ccebd3bf	p888-t000_1765097793_e01024.pth	10d0ccebd3bf83c8cb7bf50eb4960430acb1e463fbf24a8c32a91cda119528bf	batchnorm-folded	fp16	1	kaggle	Tesla T4|Tesla T4	2	2			1644783068	1788339977	p25-output1	25	measured-kaggle-2xt4	run-95be1422731648e782e42ef5341303b4	019fbf20-7d42-7e6c-9a5c-d6c4dc61f62a	6a5bfc12e061142f66d7363c23887c08292e26e8add74cf20e3149cb7fd1d23b	f2261a81873ea162a0c36ba8874b9173db8d4083	https://www.kaggle.com/code/trydotatwo/cayleypy-2xt4-tetraminx-example	results/v1/cayley-py-professor-tetraminx-solve-optimally/cayleypy-88-24-2205a85668214f05/999/2026-08-01/019fbf20-7d42-7e6c-9a5c-d6c4dc61f62a.json
1	8	'-f1.-r1.f2.r1.f1.-r1.-f2.r1	65536	original	4	output1	public-example-cayleypy-2xt4-ihes-example	2026-08-01T10:22:07.507Z	cayleypy-ihes-cube	cayleypy-72-18-8d89ca84c2a630e5	65536	0	first	first_solution	0	4	4	100	100	p888-t000_1763232740_e08192.pt@50a3bd98f6b9	p888-t000_1763232740_e08192.pt	50a3bd98f6b9739da3ce6efa3664590d5ccedbe90634760f930ebbcb99cfe820	batchnorm-folded	fp16	1	kaggle	Tesla T4|Tesla T4	2	2			6146396	144605174	p16-output1	16	measured-kaggle-2xt4	run-62e68248a8fa433d9c618de85d23c94f	019fbcd8-6cd7-77bd-878c-d003319cea8e	79085eeb5cb2379d45acfb82c8842737bc331160f55ac052ee0c35054be550d2	039a4fb9c699bda644efbb0f8ee7a5b51efbb5d2	https://www.kaggle.com/code/trydotatwo/cayleypy-2xt4-ihes-example	results/v1/cayleypy-ihes-cube/cayleypy-72-18-8d89ca84c2a630e5/1/2026-08-01/019fbcd8-6cd7-77bd-878c-d003319cea8e.json
1	1	clockwise	65536	original	0	output_move_count	Алиса Δ	2026-07-29T09:30:00.000Z	toy-cayley	cube_3/3/3	65536	0	first	first_solution	0	1	0	8	16	toy-model.pt@dddddddddddd	toy-model.pt	dddddddddddddddddddddddddddddddddddddddddddddddddddddddddddddddd	resmlp-layernorm	fp16	2	kaggle	Tesla T4|Tesla T4	2	2			95335	4720000	p16-output_move_count	16	measured-kaggle-2xt4	run-20260729-original	019fb398-8a19-7916-8da0-cc635a2fd5d4	f02c871a385f8f53870f56e7dfa283d62cc3fa2d0dfd3e0051c036db7aad9694	eeeeeeeeeeeeeeeeeeeeeeeeeeeeeeeeeeeeeeee	https://www.kaggle.com/code/alice-k/cayleypy-public	results/v1/toy-cayley/cube_3-3-3/1/2026-07-29/019fb398-8a19-7916-8da0-cc635a2fd5d4.json
10000	1	clockwise	65536	original	0	output_move_count	load-author-00	2026-07-29T12:00:00.000Z	toy-cayley	cube_3/3/3	65536	0	first	first_solution	0	1	0	8	16	toy-model.pt@dddddddddddd	toy-model.pt	dddddddddddddddddddddddddddddddddddddddddddddddddddddddddddddddd	resmlp-layernorm	fp16	2	kaggle	Tesla T4|Tesla T4	2	2			95335	4720000	p16-output_move_count	16	measured-kaggle-2xt4	load-baseline-000	019fb3a6-764a-73aa-b742-f12ee2edf284	b2aece6f0930d73406c38fcb72aeae61cca7c86a472b0549c5b050e0df3a884f	eeeeeeeeeeeeeeeeeeeeeeeeeeeeeeeeeeeeeeee	https://www.kaggle.com/code/load-user-00/cayleypy-public	results/v1/toy-cayley/cube_3-3-3/10000/2026-07-29/019fb3a6-764a-73aa-b742-f12ee2edf284.json
10001	1	clockwise	65536	original	0	output_move_count	load-author-01	2026-07-29T12:00:01.000Z	toy-cayley	cube_3/3/3	65536	0	first	first_solution	0	1	0	8	16	toy-model.pt@dddddddddddd	toy-model.pt	dddddddddddddddddddddddddddddddddddddddddddddddddddddddddddddddd	resmlp-layernorm	fp16	2	kaggle	Tesla T4|Tesla T4	2	2			95335	4720000	p16-output_move_count	16	measured-kaggle-2xt4	load-baseline-001	019fb3a6-764c-725e-9c3b-49e26591ba8f	7f2b383a527b9cafd7de89fb3b04b7d0be98352cb90a9e1b3f1e4df2b9c17553	eeeeeeeeeeeeeeeeeeeeeeeeeeeeeeeeeeeeeeee	https://www.kaggle.com/code/load-user-01/cayleypy-public	results/v1/toy-cayley/cube_3-3-3/10001/2026-07-29/019fb3a6-764c-725e-9c3b-49e26591ba8f.json
10002	1	clockwise	65536	original	0	output_move_count	load-author-02	2026-07-29T12:01:22.000Z	toy-cayley	cube_3/3/3	65536	0	first	first_solution	0	1	0	8	16	toy-model.pt@dddddddddddd	toy-model.pt	dddddddddddddddddddddddddddddddddddddddddddddddddddddddddddddddd	resmlp-layernorm	fp16	2	kaggle	Tesla T4|Tesla T4	2	2			95335	4720000	p16-output_move_count	16	measured-kaggle-2xt4	load-baseline-082	019fb3a6-763a-7ef1-8880-af338f122235	37d06d5d4b3d8ca47ec2d4eeac4f3b80aa9245d95b6274bb2bfa746ebe04d937	eeeeeeeeeeeeeeeeeeeeeeeeeeeeeeeeeeeeeeee	https://www.kaggle.com/code/load-user-02/cayleypy-public	results/v1/toy-cayley/cube_3-3-3/10002/2026-07-29/019fb3a6-763a-7ef1-8880-af338f122235.json
10003	1	clockwise	65536	original	0	output_move_count	load-author-03	2026-07-29T12:00:03.000Z	toy-cayley	cube_3/3/3	65536	0	first	first_solution	0	1	0	8	16	toy-model.pt@dddddddddddd	toy-model.pt	dddddddddddddddddddddddddddddddddddddddddddddddddddddddddddddddd	resmlp-layernorm	fp16	2	kaggle	Tesla T4|Tesla T4	2	2			95335	4720000	p16-output_move_count	16	measured-kaggle-2xt4	load-baseline-003	019fb3a7-775c-7a8a-8b38-a9798f786d0c	095c12f996b3810eb5c57b1495e9ebace6867dfbfa50d1b55b26abf724d8264a	eeeeeeeeeeeeeeeeeeeeeeeeeeeeeeeeeeeeeeee	https://www.kaggle.com/code/load-user-03/cayleypy-public	results/v1/toy-cayley/cube_3-3-3/10003/2026-07-29/019fb3a7-775c-7a8a-8b38-a9798f786d0c.json
10004	1	clockwise	65536	original	0	output_move_count	load-author-04	2026-07-29T12:00:04.000Z	toy-cayley	cube_3/3/3	65536	0	first	first_solution	0	1	0	8	16	toy-model.pt@dddddddddddd	toy-model.pt	dddddddddddddddddddddddddddddddddddddddddddddddddddddddddddddddd	resmlp-layernorm	fp16	2	kaggle	Tesla T4|Tesla T4	2	2			95335	4720000	p16-output_move_count	16	measured-kaggle-2xt4	load-baseline-004	019fb3a7-7704-7544-9699-c2f44c397617	aa2006b79918d9c972ffd84dab3ee1c96fbab535db72f88f76ec754fb048ad7f	eeeeeeeeeeeeeeeeeeeeeeeeeeeeeeeeeeeeeeee	https://www.kaggle.com/code/load-user-04/cayleypy-public	results/v1/toy-cayley/cube_3-3-3/10004/2026-07-29/019fb3a7-7704-7544-9699-c2f44c397617.json
10005	1	clockwise	65536	original	0	output_move_count	load-author-05	2026-07-29T12:01:25.000Z	toy-cayley	cube_3/3/3	65536	0	first	first_solution	0	1	0	8	16	toy-model.pt@dddddddddddd	toy-model.pt	dddddddddddddddddddddddddddddddddddddddddddddddddddddddddddddddd	resmlp-layernorm	fp16	2	kaggle	Tesla T4|Tesla T4	2	2			95335	4720000	p16-output_move_count	16	measured-kaggle-2xt4	load-baseline-085	019fb3a7-76ae-7534-97c7-1f5f34f0e406	845b23f051541f44d37f4bbb87bb4783fda47a419e7fb6b0cada6ebb66fc2f34	eeeeeeeeeeeeeeeeeeeeeeeeeeeeeeeeeeeeeeee	https://www.kaggle.com/code/load-user-05/cayleypy-public	results/v1/toy-cayley/cube_3-3-3/10005/2026-07-29/019fb3a7-76ae-7534-97c7-1f5f34f0e406.json
10006	1	clockwise	65536	original	0	output_move_count	load-author-06	2026-07-29T12:00:06.000Z	toy-cayley	cube_3/3/3	65536	0	first	first_solution	0	1	0	8	16	toy-model.pt@dddddddddddd	toy-model.pt	dddddddddddddddddddddddddddddddddddddddddddddddddddddddddddddddd	resmlp-layernorm	fp16	2	kaggle	Tesla T4|Tesla T4	2	2			95335	4720000	p16-output_move_count	16	measured-kaggle-2xt4	load-baseline-006	019fb3a6-763d-7269-942b-031374b87632	39de632a4055fcee259b89bc4ef8c1cc1e8535d5450b2ddf2887ec15b7e82572	eeeeeeeeeeeeeeeeeeeeeeeeeeeeeeeeeeeeeeee	https://www.kaggle.com/code/load-user-06/cayleypy-public	results/v1/toy-cayley/cube_3-3-3/10006/2026-07-29/019fb3a6-763d-7269-942b-031374b87632.json
10007	1	clockwise	65536	original	0	output_move_count	load-author-07	2026-07-29T12:01:27.000Z	toy-cayley	cube_3/3/3	65536	0	first	first_solution	0	1	0	8	16	toy-model.pt@dddddddddddd	toy-model.pt	dddddddddddddddddddddddddddddddddddddddddddddddddddddddddddddddd	resmlp-layernorm	fp16	2	kaggle	Tesla T4|Tesla T4	2	2			95335	4720000	p16-output_move_count	16	measured-kaggle-2xt4	load-baseline-087	019fb3a6-7622-75e4-822b-9b75d09fbb59	579004d892ff8bc7fab47db64028da359e47ff360206be7a7e3d364226a05c06	eeeeeeeeeeeeeeeeeeeeeeeeeeeeeeeeeeeeeeee	https://www.kaggle.com/code/load-user-07/cayleypy-public	results/v1/toy-cayley/cube_3-3-3/10007/2026-07-29/019fb3a6-7622-75e4-822b-9b75d09fbb59.json
10008	1	clockwise	65536	original	0	output_move_count	load-author-08	2026-07-29T12:01:28.000Z	toy-cayley	cube_3/3/3	65536	0	first	first_solution	0	1	0	8	16	toy-model.pt@dddddddddddd	toy-model.pt	dddddddddddddddddddddddddddddddddddddddddddddddddddddddddddddddd	resmlp-layernorm	fp16	2	kaggle	Tesla T4|Tesla T4	2	2			95335	4720000	p16-output_move_count	16	measured-kaggle-2xt4	load-baseline-088	019fb3a6-89f6-76b0-abc7-b41a1c8c77b7	cff08a1ca1eeb11eed39af6faa01a4b08191b2a323e42c8affa01d32841fc0d2	eeeeeeeeeeeeeeeeeeeeeeeeeeeeeeeeeeeeeeee	https://www.kaggle.com/code/load-user-08/cayleypy-public	results/v1/toy-cayley/cube_3-3-3/10008/2026-07-29/019fb3a6-89f6-76b0-abc7-b41a1c8c77b7.json
10009	1	clockwise	65536	original	0	output_move_count	load-author-09	2026-07-29T12:01:29.000Z	toy-cayley	cube_3/3/3	65536	0	first	first_solution	0	1	0	8	16	toy-model.pt@dddddddddddd	toy-model.pt	dddddddddddddddddddddddddddddddddddddddddddddddddddddddddddddddd	resmlp-layernorm	fp16	2	kaggle	Tesla T4|Tesla T4	2	2			95335	4720000	p16-output_move_count	16	measured-kaggle-2xt4	load-baseline-089	019fb3a6-89f7-7d9e-a719-0de1807b5029	78565ddad0f0f55f66e5c3ad2f67aa5f5f17d24433ac7e0ab6041280d5196aff	eeeeeeeeeeeeeeeeeeeeeeeeeeeeeeeeeeeeeeee	https://www.kaggle.com/code/load-user-09/cayleypy-public	results/v1/toy-cayley/cube_3-3-3/10009/2026-07-29/019fb3a6-89f7-7d9e-a719-0de1807b5029.json
10010	1	clockwise	65536	original	0	output_move_count	load-author-10	2026-07-29T12:00:10.000Z	toy-cayley	cube_3/3/3	65536	0	first	first_solution	0	1	0	8	16	toy-model.pt@dddddddddddd	toy-model.pt	dddddddddddddddddddddddddddddddddddddddddddddddddddddddddddddddd	resmlp-layernorm	fp16	2	kaggle	Tesla T4|Tesla T4	2	2			95335	4720000	p16-output_move_count	16	measured-kaggle-2xt4	load-baseline-010	019fb3a6-8a81-742b-bc37-66b9243c3589	b76255c6ca18cf328242781b3f9590ea7f9d19eec97f7fd0e6b56dfb9121e590	eeeeeeeeeeeeeeeeeeeeeeeeeeeeeeeeeeeeeeee	https://www.kaggle.com/code/load-user-10/cayleypy-public	results/v1/toy-cayley/cube_3-3-3/10010/2026-07-29/019fb3a6-8a81-742b-bc37-66b9243c3589.json
10011	1	clockwise	65536	original	0	output_move_count	load-author-11	2026-07-29T12:00:11.000Z	toy-cayley	cube_3/3/3	65536	0	first	first_solution	0	1	0	8	16	toy-model.pt@dddddddddddd	toy-model.pt	dddddddddddddddddddddddddddddddddddddddddddddddddddddddddddddddd	resmlp-layernorm	fp16	2	kaggle	Tesla T4|Tesla T4	2	2			95335	4720000	p16-output_move_count	16	measured-kaggle-2xt4	load-baseline-011	019fb3a6-7616-7a8e-88e5-555897dca603	af4bb43ffe9005813ed02b01d5f8d3b7e485bd955cc7aa9af73d5b6f4b67179e	eeeeeeeeeeeeeeeeeeeeeeeeeeeeeeeeeeeeeeee	https://www.kaggle.com/code/load-user-11/cayleypy-public	results/v1/toy-cayley/cube_3-3-3/10011/2026-07-29/019fb3a6-7616-7a8e-88e5-555897dca603.json
10012	1	clockwise	65536	original	0	output_move_count	load-author-12	2026-07-29T12:00:12.000Z	toy-cayley	cube_3/3/3	65536	0	first	first_solution	0	1	0	8	16	toy-model.pt@dddddddddddd	toy-model.pt	dddddddddddddddddddddddddddddddddddddddddddddddddddddddddddddddd	resmlp-layernorm	fp16	2	kaggle	Tesla T4|Tesla T4	2	2			95335	4720000	p16-output_move_count	16	measured-kaggle-2xt4	load-baseline-012	019fb3a6-766b-72f7-9c44-0524730cfefb	ce283179e9cc0c6efd25ecf7b6f8cde675be44f9d1c38bd90640bb8c445e6531	eeeeeeeeeeeeeeeeeeeeeeeeeeeeeeeeeeeeeeee	https://www.kaggle.com/code/load-user-12/cayleypy-public	results/v1/toy-cayley/cube_3-3-3/10012/2026-07-29/019fb3a6-766b-72f7-9c44-0524730cfefb.json
10013	1	clockwise	65536	original	0	output_move_count	load-author-13	2026-07-29T12:00:13.000Z	toy-cayley	cube_3/3/3	65536	0	first	first_solution	0	1	0	8	16	toy-model.pt@dddddddddddd	toy-model.pt	dddddddddddddddddddddddddddddddddddddddddddddddddddddddddddddddd	resmlp-layernorm	fp16	2	kaggle	Tesla T4|Tesla T4	2	2			95335	4720000	p16-output_move_count	16	measured-kaggle-2xt4	load-baseline-013	019fb3a7-79bf-77ef-99ab-c94ad03d8c54	60b1796360bb06ba68b0bb5dc49c2b9155b27c15d31d7d80b08bcea0a135f621	eeeeeeeeeeeeeeeeeeeeeeeeeeeeeeeeeeeeeeee	https://www.kaggle.com/code/load-user-13/cayleypy-public	results/v1/toy-cayley/cube_3-3-3/10013/2026-07-29/019fb3a7-79bf-77ef-99ab-c94ad03d8c54.json
10014	1	clockwise	65536	original	0	output_move_count	load-author-14	2026-07-29T12:00:14.000Z	toy-cayley	cube_3/3/3	65536	0	first	first_solution	0	1	0	8	16	toy-model.pt@dddddddddddd	toy-model.pt	dddddddddddddddddddddddddddddddddddddddddddddddddddddddddddddddd	resmlp-layernorm	fp16	2	kaggle	Tesla T4|Tesla T4	2	2			95335	4720000	p16-output_move_count	16	measured-kaggle-2xt4	load-baseline-014	019fb3a7-767a-7290-9e10-11ea1f826f6f	f45d0a253a2e37dcb60ba34ff6db7439710ed89743f376f788efff65077b7aac	eeeeeeeeeeeeeeeeeeeeeeeeeeeeeeeeeeeeeeee	https://www.kaggle.com/code/load-user-14/cayleypy-public	results/v1/toy-cayley/cube_3-3-3/10014/2026-07-29/019fb3a7-767a-7290-9e10-11ea1f826f6f.json
10015	1	clockwise	65536	original	0	output_move_count	load-author-15	2026-07-29T12:00:15.000Z	toy-cayley	cube_3/3/3	65536	0	first	first_solution	0	1	0	8	16	toy-model.pt@dddddddddddd	toy-model.pt	dddddddddddddddddddddddddddddddddddddddddddddddddddddddddddddddd	resmlp-layernorm	fp16	2	kaggle	Tesla T4|Tesla T4	2	2			95335	4720000	p16-output_move_count	16	measured-kaggle-2xt4	load-baseline-015	019fb3a6-8a72-74b4-9fe9-234380489716	b8cc36ca1387eb5e1a78321ecf515fd2d9d2ec7a5479a0fdebf900bdead8e43f	eeeeeeeeeeeeeeeeeeeeeeeeeeeeeeeeeeeeeeee	https://www.kaggle.com/code/load-user-15/cayleypy-public	results/v1/toy-cayley/cube_3-3-3/10015/2026-07-29/019fb3a6-8a72-74b4-9fe9-234380489716.json
10016	1	clockwise	65536	original	0	output_move_count	load-author-16	2026-07-29T12:00:16.000Z	toy-cayley	cube_3/3/3	65536	0	first	first_solution	0	1	0	8	16	toy-model.pt@dddddddddddd	toy-model.pt	dddddddddddddddddddddddddddddddddddddddddddddddddddddddddddddddd	resmlp-layernorm	fp16	2	kaggle	Tesla T4|Tesla T4	2	2			95335	4720000	p16-output_move_count	16	measured-kaggle-2xt4	load-baseline-016	019fb3a6-89cd-7b5a-b95e-a23f0ffd233d	6354f8a0549a2a8b4125b8e7cddc3e38182a6cf754abcc6e9c4148a8f47de7d0	eeeeeeeeeeeeeeeeeeeeeeeeeeeeeeeeeeeeeeee	https://www.kaggle.com/code/load-user-16/cayleypy-public	results/v1/toy-cayley/cube_3-3-3/10016/2026-07-29/019fb3a6-89cd-7b5a-b95e-a23f0ffd233d.json
10017	1	clockwise	65536	original	0	output_move_count	load-author-17	2026-07-29T12:00:17.000Z	toy-cayley	cube_3/3/3	65536	0	first	first_solution	0	1	0	8	16	toy-model.pt@dddddddddddd	toy-model.pt	dddddddddddddddddddddddddddddddddddddddddddddddddddddddddddddddd	resmlp-layernorm	fp16	2	kaggle	Tesla T4|Tesla T4	2	2			95335	4720000	p16-output_move_count	16	measured-kaggle-2xt4	load-baseline-017	019fb3a6-7926-75df-a82b-c124303a267c	810d0dd0784da8db2e7a03ff9035ba8d87bab90151da9cd5abcf702805a711ed	eeeeeeeeeeeeeeeeeeeeeeeeeeeeeeeeeeeeeeee	https://www.kaggle.com/code/load-user-17/cayleypy-public	results/v1/toy-cayley/cube_3-3-3/10017/2026-07-29/019fb3a6-7926-75df-a82b-c124303a267c.json
10018	1	clockwise	65536	original	0	output_move_count	load-author-18	2026-07-29T12:00:18.000Z	toy-cayley	cube_3/3/3	65536	0	first	first_solution	0	1	0	8	16	toy-model.pt@dddddddddddd	toy-model.pt	dddddddddddddddddddddddddddddddddddddddddddddddddddddddddddddddd	resmlp-layernorm	fp16	2	kaggle	Tesla T4|Tesla T4	2	2			95335	4720000	p16-output_move_count	16	measured-kaggle-2xt4	load-baseline-018	019fb3a6-76ac-7901-87f7-6233b1019efd	a5d02456b95258de121b3f1daf4f734782b88b8e1b2f39d6210c9290db818440	eeeeeeeeeeeeeeeeeeeeeeeeeeeeeeeeeeeeeeee	https://www.kaggle.com/code/load-user-18/cayleypy-public	results/v1/toy-cayley/cube_3-3-3/10018/2026-07-29/019fb3a6-76ac-7901-87f7-6233b1019efd.json
10019	1	clockwise	65536	original	0	output_move_count	load-author-19	2026-07-29T12:00:19.000Z	toy-cayley	cube_3/3/3	65536	0	first	first_solution	0	1	0	8	16	toy-model.pt@dddddddddddd	toy-model.pt	dddddddddddddddddddddddddddddddddddddddddddddddddddddddddddddddd	resmlp-layernorm	fp16	2	kaggle	Tesla T4|Tesla T4	2	2			95335	4720000	p16-output_move_count	16	measured-kaggle-2xt4	load-baseline-019	019fb3a6-8a01-7372-a368-eacc73b6f460	4868130d8e831d6e131ba288543faac7abfa28be711ecf881720a58940200007	eeeeeeeeeeeeeeeeeeeeeeeeeeeeeeeeeeeeeeee	https://www.kaggle.com/code/load-user-19/cayleypy-public	results/v1/toy-cayley/cube_3-3-3/10019/2026-07-29/019fb3a6-8a01-7372-a368-eacc73b6f460.json
10020	1	clockwise	65536	original	0	output_move_count	load-author-00	2026-07-29T12:00:20.000Z	toy-cayley	cube_3/3/3	65536	0	first	first_solution	0	1	0	8	16	toy-model.pt@dddddddddddd	toy-model.pt	dddddddddddddddddddddddddddddddddddddddddddddddddddddddddddddddd	resmlp-layernorm	fp16	2	kaggle	Tesla T4|Tesla T4	2	2			95335	4720000	p16-output_move_count	16	measured-kaggle-2xt4	load-baseline-020	019fb3a8-652a-718a-9713-f10095a4310e	e6fa83851f22833218c28cef532a3ddb8230409235cf8380e5709008d3cb8028	eeeeeeeeeeeeeeeeeeeeeeeeeeeeeeeeeeeeeeee	https://www.kaggle.com/code/load-user-00/cayleypy-public	results/v1/toy-cayley/cube_3-3-3/10020/2026-07-29/019fb3a8-652a-718a-9713-f10095a4310e.json
10021	1	clockwise	65536	original	0	output_move_count	load-author-01	2026-07-29T12:10:21.000Z	toy-cayley	cube_3/3/3	65536	0	first	first_solution	0	1	0	8	16	toy-model.pt@dddddddddddd	toy-model.pt	dddddddddddddddddddddddddddddddddddddddddddddddddddddddddddddddd	resmlp-layernorm	fp16	2	kaggle	Tesla T4|Tesla T4	2	2			95335	4720000	p16-output_move_count	16	measured-kaggle-2xt4	load-baseline-repair-21	019fb3ac-21b6-7f0f-964b-9aee96796358	3b40abd54534963db277bd393dd6380331d046eb4e7a44f7a75fdc45bc057d96	eeeeeeeeeeeeeeeeeeeeeeeeeeeeeeeeeeeeeeee	https://www.kaggle.com/code/load-user-01/cayleypy-public	results/v1/toy-cayley/cube_3-3-3/10021/2026-07-29/019fb3ac-21b6-7f0f-964b-9aee96796358.json
10022	1	clockwise	65536	original	0	output_move_count	load-author-02	2026-07-29T12:00:22.000Z	toy-cayley	cube_3/3/3	65536	0	first	first_solution	0	1	0	8	16	toy-model.pt@dddddddddddd	toy-model.pt	dddddddddddddddddddddddddddddddddddddddddddddddddddddddddddddddd	resmlp-layernorm	fp16	2	kaggle	Tesla T4|Tesla T4	2	2			95335	4720000	p16-output_move_count	16	measured-kaggle-2xt4	load-baseline-022	019fb3a6-7602-7362-bbbe-e02ac25fe8b5	5766f81614fb69ba0fd078a3fe8cd99e6c3e015576940e81f526acc5ad7911d0	eeeeeeeeeeeeeeeeeeeeeeeeeeeeeeeeeeeeeeee	https://www.kaggle.com/code/load-user-02/cayleypy-public	results/v1/toy-cayley/cube_3-3-3/10022/2026-07-29/019fb3a6-7602-7362-bbbe-e02ac25fe8b5.json
10023	1	clockwise	65536	original	0	output_move_count	load-author-03	2026-07-29T12:00:23.000Z	toy-cayley	cube_3/3/3	65536	0	first	first_solution	0	1	0	8	16	toy-model.pt@dddddddddddd	toy-model.pt	dddddddddddddddddddddddddddddddddddddddddddddddddddddddddddddddd	resmlp-layernorm	fp16	2	kaggle	Tesla T4|Tesla T4	2	2			95335	4720000	p16-output_move_count	16	measured-kaggle-2xt4	load-baseline-023	019fb3a7-76d9-7975-b65f-6ef406c78846	ab5bd39fdf5b7147075ebee7f26e5467c528ba00f9ec350d3929d09ae6ce2e4c	eeeeeeeeeeeeeeeeeeeeeeeeeeeeeeeeeeeeeeee	https://www.kaggle.com/code/load-user-03/cayleypy-public	results/v1/toy-cayley/cube_3-3-3/10023/2026-07-29/019fb3a7-76d9-7975-b65f-6ef406c78846.json
10024	1	clockwise	65536	original	0	output_move_count	load-author-04	2026-07-29T12:00:24.000Z	toy-cayley	cube_3/3/3	65536	0	first	first_solution	0	1	0	8	16	toy-model.pt@dddddddddddd	toy-model.pt	dddddddddddddddddddddddddddddddddddddddddddddddddddddddddddddddd	resmlp-layernorm	fp16	2	kaggle	Tesla T4|Tesla T4	2	2			95335	4720000	p16-output_move_count	16	measured-kaggle-2xt4	load-baseline-024	019fb3a6-8a59-7e7f-9a4e-d4f08bc5d738	ee904567751e09dd9ea644f06981a407b41725cbc701e7b19d95f77d243d5d31	eeeeeeeeeeeeeeeeeeeeeeeeeeeeeeeeeeeeeeee	https://www.kaggle.com/code/load-user-04/cayleypy-public	results/v1/toy-cayley/cube_3-3-3/10024/2026-07-29/019fb3a6-8a59-7e7f-9a4e-d4f08bc5d738.json
10025	1	clockwise	65536	original	0	output_move_count	load-author-05	2026-07-29T12:00:25.000Z	toy-cayley	cube_3/3/3	65536	0	first	first_solution	0	1	0	8	16	toy-model.pt@dddddddddddd	toy-model.pt	dddddddddddddddddddddddddddddddddddddddddddddddddddddddddddddddd	resmlp-layernorm	fp16	2	kaggle	Tesla T4|Tesla T4	2	2			95335	4720000	p16-output_move_count	16	measured-kaggle-2xt4	load-baseline-025	019fb3a7-7586-728f-9236-b1c5aa43ebf4	b4849e3df381fa7dd896da2d0b966400b2e93a5e492a22b6730b1fa7fd339cf5	eeeeeeeeeeeeeeeeeeeeeeeeeeeeeeeeeeeeeeee	https://www.kaggle.com/code/load-user-05/cayleypy-public	results/v1/toy-cayley/cube_3-3-3/10025/2026-07-29/019fb3a7-7586-728f-9236-b1c5aa43ebf4.json
10026	1	clockwise	65536	original	0	output_move_count	load-author-06	2026-07-29T12:00:26.000Z	toy-cayley	cube_3/3/3	65536	0	first	first_solution	0	1	0	8	16	toy-model.pt@dddddddddddd	toy-model.pt	dddddddddddddddddddddddddddddddddddddddddddddddddddddddddddddddd	resmlp-layernorm	fp16	2	kaggle	Tesla T4|Tesla T4	2	2			95335	4720000	p16-output_move_count	16	measured-kaggle-2xt4	load-baseline-026	019fb3a6-8a3f-77cf-b2ed-94414faca82d	efbfeadf899a8711b963c6d2fd81e67f45d50ad6ca08160336da2a7a1137ac0f	eeeeeeeeeeeeeeeeeeeeeeeeeeeeeeeeeeeeeeee	https://www.kaggle.com/code/load-user-06/cayleypy-public	results/v1/toy-cayley/cube_3-3-3/10026/2026-07-29/019fb3a6-8a3f-77cf-b2ed-94414faca82d.json
10027	1	clockwise	65536	original	0	output_move_count	load-author-07	2026-07-29T12:00:27.000Z	toy-cayley	cube_3/3/3	65536	0	first	first_solution	0	1	0	8	16	toy-model.pt@dddddddddddd	toy-model.pt	dddddddddddddddddddddddddddddddddddddddddddddddddddddddddddddddd	resmlp-layernorm	fp16	2	kaggle	Tesla T4|Tesla T4	2	2			95335	4720000	p16-output_move_count	16	measured-kaggle-2xt4	load-baseline-027	019fb3a6-89f3-7a9a-a7c0-51a7b726b362	bc05eb3d66f31881bd14c8667147dfe85fedfc2bfb36faf9a5408aba58c7a44e	eeeeeeeeeeeeeeeeeeeeeeeeeeeeeeeeeeeeeeee	https://www.kaggle.com/code/load-user-07/cayleypy-public	results/v1/toy-cayley/cube_3-3-3/10027/2026-07-29/019fb3a6-89f3-7a9a-a7c0-51a7b726b362.json
10028	1	clockwise	65536	original	0	output_move_count	load-author-08	2026-07-29T12:00:28.000Z	toy-cayley	cube_3/3/3	65536	0	first	first_solution	0	1	0	8	16	toy-model.pt@dddddddddddd	toy-model.pt	dddddddddddddddddddddddddddddddddddddddddddddddddddddddddddddddd	resmlp-layernorm	fp16	2	kaggle	Tesla T4|Tesla T4	2	2			95335	4720000	p16-output_move_count	16	measured-kaggle-2xt4	load-baseline-028	019fb3a6-77d3-7bc8-b811-c337e5a91f61	c02f47369404161d8b3d27f76a03025dfae30fa072479d46b4df7d2baf6c9c64	eeeeeeeeeeeeeeeeeeeeeeeeeeeeeeeeeeeeeeee	https://www.kaggle.com/code/load-user-08/cayleypy-public	results/v1/toy-cayley/cube_3-3-3/10028/2026-07-29/019fb3a6-77d3-7bc8-b811-c337e5a91f61.json
10029	1	clockwise	65536	original	0	output_move_count	load-author-09	2026-07-29T12:00:29.000Z	toy-cayley	cube_3/3/3	65536	0	first	first_solution	0	1	0	8	16	toy-model.pt@dddddddddddd	toy-model.pt	dddddddddddddddddddddddddddddddddddddddddddddddddddddddddddddddd	resmlp-layernorm	fp16	2	kaggle	Tesla T4|Tesla T4	2	2			95335	4720000	p16-output_move_count	16	measured-kaggle-2xt4	load-baseline-029	019fb3a6-764c-7608-b3e5-a4149f9c310e	f52ac65b064921ee9b495f5a9b0b256cc7567de52f66f7a413344fd0d4e93268	eeeeeeeeeeeeeeeeeeeeeeeeeeeeeeeeeeeeeeee	https://www.kaggle.com/code/load-user-09/cayleypy-public	results/v1/toy-cayley/cube_3-3-3/10029/2026-07-29/019fb3a6-764c-7608-b3e5-a4149f9c310e.json
10030	1	clockwise	65536	original	0	output_move_count	load-author-10	2026-07-29T12:00:30.000Z	toy-cayley	cube_3/3/3	65536	0	first	first_solution	0	1	0	8	16	toy-model.pt@dddddddddddd	toy-model.pt	dddddddddddddddddddddddddddddddddddddddddddddddddddddddddddddddd	resmlp-layernorm	fp16	2	kaggle	Tesla T4|Tesla T4	2	2			95335	4720000	p16-output_move_count	16	measured-kaggle-2xt4	load-baseline-030	019fb3a7-7729-7063-966c-2e227d5ee2a7	e9ebfe1ae085eef35294b1c2c28056ef0a81835645e6348abd089c9be636241b	eeeeeeeeeeeeeeeeeeeeeeeeeeeeeeeeeeeeeeee	https://www.kaggle.com/code/load-user-10/cayleypy-public	results/v1/toy-cayley/cube_3-3-3/10030/2026-07-29/019fb3a7-7729-7063-966c-2e227d5ee2a7.json
10031	1	clockwise	65536	original	0	output_move_count	load-author-11	2026-07-29T12:00:31.000Z	toy-cayley	cube_3/3/3	65536	0	first	first_solution	0	1	0	8	16	toy-model.pt@dddddddddddd	toy-model.pt	dddddddddddddddddddddddddddddddddddddddddddddddddddddddddddddddd	resmlp-layernorm	fp16	2	kaggle	Tesla T4|Tesla T4	2	2			95335	4720000	p16-output_move_count	16	measured-kaggle-2xt4	load-baseline-031	019fb3a7-764b-75c2-aa96-9801df237726	1a0ea8a1150391d2622bd128ba1f403b374762578ab90554c4a175684ca12923	eeeeeeeeeeeeeeeeeeeeeeeeeeeeeeeeeeeeeeee	https://www.kaggle.com/code/load-user-11/cayleypy-public	results/v1/toy-cayley/cube_3-3-3/10031/2026-07-29/019fb3a7-764b-75c2-aa96-9801df237726.json
10032	1	clockwise	65536	original	0	output_move_count	load-author-12	2026-07-29T12:00:32.000Z	toy-cayley	cube_3/3/3	65536	0	first	first_solution	0	1	0	8	16	toy-model.pt@dddddddddddd	toy-model.pt	dddddddddddddddddddddddddddddddddddddddddddddddddddddddddddddddd	resmlp-layernorm	fp16	2	kaggle	Tesla T4|Tesla T4	2	2			95335	4720000	p16-output_move_count	16	measured-kaggle-2xt4	load-baseline-032	019fb3a7-767b-78e5-ba1c-b2a346d83ab4	ffec998f251b57c631193f2f23d8c57bfdf79ee6f368fb895ec00cfea078b74f	eeeeeeeeeeeeeeeeeeeeeeeeeeeeeeeeeeeeeeee	https://www.kaggle.com/code/load-user-12/cayleypy-public	results/v1/toy-cayley/cube_3-3-3/10032/2026-07-29/019fb3a7-767b-78e5-ba1c-b2a346d83ab4.json
10033	1	clockwise	65536	original	0	output_move_count	load-author-13	2026-07-29T12:00:33.000Z	toy-cayley	cube_3/3/3	65536	0	first	first_solution	0	1	0	8	16	toy-model.pt@dddddddddddd	toy-model.pt	dddddddddddddddddddddddddddddddddddddddddddddddddddddddddddddddd	resmlp-layernorm	fp16	2	kaggle	Tesla T4|Tesla T4	2	2			95335	4720000	p16-output_move_count	16	measured-kaggle-2xt4	load-baseline-033	019fb3a6-7616-770c-a6a6-5e47da256a95	1d177aa9ff20df4165d208a9e3e6205cab8df618026b63f89cd03489c364caa2	eeeeeeeeeeeeeeeeeeeeeeeeeeeeeeeeeeeeeeee	https://www.kaggle.com/code/load-user-13/cayleypy-public	results/v1/toy-cayley/cube_3-3-3/10033/2026-07-29/019fb3a6-7616-770c-a6a6-5e47da256a95.json
10034	1	clockwise	65536	original	0	output_move_count	load-author-14	2026-07-29T12:00:34.000Z	toy-cayley	cube_3/3/3	65536	0	first	first_solution	0	1	0	8	16	toy-model.pt@dddddddddddd	toy-model.pt	dddddddddddddddddddddddddddddddddddddddddddddddddddddddddddddddd	resmlp-layernorm	fp16	2	kaggle	Tesla T4|Tesla T4	2	2			95335	4720000	p16-output_move_count	16	measured-kaggle-2xt4	load-baseline-034	019fb3a9-3bca-7436-83c0-d565f98db902	999d22bb6f932b2b5a01e1afdef818061c21ccaf51e7cb10cba0048b0fb0d713	eeeeeeeeeeeeeeeeeeeeeeeeeeeeeeeeeeeeeeee	https://www.kaggle.com/code/load-user-14/cayleypy-public	results/v1/toy-cayley/cube_3-3-3/10034/2026-07-29/019fb3a9-3bca-7436-83c0-d565f98db902.json
10035	1	clockwise	65536	original	0	output_move_count	load-author-15	2026-07-29T12:00:35.000Z	toy-cayley	cube_3/3/3	65536	0	first	first_solution	0	1	0	8	16	toy-model.pt@dddddddddddd	toy-model.pt	dddddddddddddddddddddddddddddddddddddddddddddddddddddddddddddddd	resmlp-layernorm	fp16	2	kaggle	Tesla T4|Tesla T4	2	2			95335	4720000	p16-output_move_count	16	measured-kaggle-2xt4	load-baseline-035	019fb3a6-8a25-7032-a6b0-ac3659c4d76c	14b8f8aaa1e35dda980f3d69b3fb5b7dc808be95885812421daeba8fe80dd543	eeeeeeeeeeeeeeeeeeeeeeeeeeeeeeeeeeeeeeee	https://www.kaggle.com/code/load-user-15/cayleypy-public	results/v1/toy-cayley/cube_3-3-3/10035/2026-07-29/019fb3a6-8a25-7032-a6b0-ac3659c4d76c.json
10036	1	clockwise	65536	original	0	output_move_count	load-author-16	2026-07-29T12:00:36.000Z	toy-cayley	cube_3/3/3	65536	0	first	first_solution	0	1	0	8	16	toy-model.pt@dddddddddddd	toy-model.pt	dddddddddddddddddddddddddddddddddddddddddddddddddddddddddddddddd	resmlp-layernorm	fp16	2	kaggle	Tesla T4|Tesla T4	2	2			95335	4720000	p16-output_move_count	16	measured-kaggle-2xt4	load-baseline-036	019fb3a6-8a22-79ab-8e63-4b8bdee9702d	cbac204f29735e71df00b371df5e66f80f040a9a27a355c3191ab5cd04ff4632	eeeeeeeeeeeeeeeeeeeeeeeeeeeeeeeeeeeeeeee	https://www.kaggle.com/code/load-user-16/cayleypy-public	results/v1/toy-cayley/cube_3-3-3/10036/2026-07-29/019fb3a6-8a22-79ab-8e63-4b8bdee9702d.json
10037	1	clockwise	65536	original	0	output_move_count	load-author-17	2026-07-29T12:00:37.000Z	toy-cayley	cube_3/3/3	65536	0	first	first_solution	0	1	0	8	16	toy-model.pt@dddddddddddd	toy-model.pt	dddddddddddddddddddddddddddddddddddddddddddddddddddddddddddddddd	resmlp-layernorm	fp16	2	kaggle	Tesla T4|Tesla T4	2	2			95335	4720000	p16-output_move_count	16	measured-kaggle-2xt4	load-baseline-037	019fb3a7-76a0-7ec8-a8a4-f5e1ae0fa2e6	88b6b00e12a4c0ee0c49b7eb0b56f5f1e051041e4531d95f5929ce4c6978f333	eeeeeeeeeeeeeeeeeeeeeeeeeeeeeeeeeeeeeeee	https://www.kaggle.com/code/load-user-17/cayleypy-public	results/v1/toy-cayley/cube_3-3-3/10037/2026-07-29/019fb3a7-76a0-7ec8-a8a4-f5e1ae0fa2e6.json
10038	1	clockwise	65536	original	0	output_move_count	load-author-18	2026-07-29T12:00:38.000Z	toy-cayley	cube_3/3/3	65536	0	first	first_solution	0	1	0	8	16	toy-model.pt@dddddddddddd	toy-model.pt	dddddddddddddddddddddddddddddddddddddddddddddddddddddddddddddddd	resmlp-layernorm	fp16	2	kaggle	Tesla T4|Tesla T4	2	2			95335	4720000	p16-output_move_count	16	measured-kaggle-2xt4	load-baseline-038	019fb3a6-75f6-7be7-9af3-72442b2ed1df	027bad03bc5c2aae71c4a285579f6c7752171dc7de8093b938cc46251bd6ad17	eeeeeeeeeeeeeeeeeeeeeeeeeeeeeeeeeeeeeeee	https://www.kaggle.com/code/load-user-18/cayleypy-public	results/v1/toy-cayley/cube_3-3-3/10038/2026-07-29/019fb3a6-75f6-7be7-9af3-72442b2ed1df.json
10039	1	clockwise	65536	original	0	output_move_count	load-author-19	2026-07-29T12:00:39.000Z	toy-cayley	cube_3/3/3	65536	0	first	first_solution	0	1	0	8	16	toy-model.pt@dddddddddddd	toy-model.pt	dddddddddddddddddddddddddddddddddddddddddddddddddddddddddddddddd	resmlp-layernorm	fp16	2	kaggle	Tesla T4|Tesla T4	2	2			95335	4720000	p16-output_move_count	16	measured-kaggle-2xt4	load-baseline-039	019fb3a6-768c-7147-a704-df8e00f786d6	5a625700e78a6f2957647e9509a7da2858bd86abefce0c5e816dc97ec006eced	eeeeeeeeeeeeeeeeeeeeeeeeeeeeeeeeeeeeeeee	https://www.kaggle.com/code/load-user-19/cayleypy-public	results/v1/toy-cayley/cube_3-3-3/10039/2026-07-29/019fb3a6-768c-7147-a704-df8e00f786d6.json
10040	1	clockwise	65536	original	0	output_move_count	load-author-00	2026-07-29T12:00:40.000Z	toy-cayley	cube_3/3/3	65536	0	first	first_solution	0	1	0	8	16	toy-model.pt@dddddddddddd	toy-model.pt	dddddddddddddddddddddddddddddddddddddddddddddddddddddddddddddddd	resmlp-layernorm	fp16	2	kaggle	Tesla T4|Tesla T4	2	2			95335	4720000	p16-output_move_count	16	measured-kaggle-2xt4	load-baseline-040	019fb3a7-7689-7a9b-abbc-dd5f89e05302	07709aeaa64a959b9a4f1f80f02fe303083711aeeb73a401a9faa01c4ad0ee1b	eeeeeeeeeeeeeeeeeeeeeeeeeeeeeeeeeeeeeeee	https://www.kaggle.com/code/load-user-00/cayleypy-public	results/v1/toy-cayley/cube_3-3-3/10040/2026-07-29/019fb3a7-7689-7a9b-abbc-dd5f89e05302.json
10041	1	clockwise	65536	original	0	output_move_count	load-author-01	2026-07-29T12:00:41.000Z	toy-cayley	cube_3/3/3	65536	0	first	first_solution	0	1	0	8	16	toy-model.pt@dddddddddddd	toy-model.pt	dddddddddddddddddddddddddddddddddddddddddddddddddddddddddddddddd	resmlp-layernorm	fp16	2	kaggle	Tesla T4|Tesla T4	2	2			95335	4720000	p16-output_move_count	16	measured-kaggle-2xt4	load-baseline-041	019fb3a6-89f4-7341-82a0-7e357299e3d5	5ba592a9823de1128e5b0aaca113d4c8276decbbddbe542c74d542742e4233f9	eeeeeeeeeeeeeeeeeeeeeeeeeeeeeeeeeeeeeeee	https://www.kaggle.com/code/load-user-01/cayleypy-public	results/v1/toy-cayley/cube_3-3-3/10041/2026-07-29/019fb3a6-89f4-7341-82a0-7e357299e3d5.json
10042	1	clockwise	65536	original	0	output_move_count	load-author-02	2026-07-29T12:00:42.000Z	toy-cayley	cube_3/3/3	65536	0	first	first_solution	0	1	0	8	16	toy-model.pt@dddddddddddd	toy-model.pt	dddddddddddddddddddddddddddddddddddddddddddddddddddddddddddddddd	resmlp-layernorm	fp16	2	kaggle	Tesla T4|Tesla T4	2	2			95335	4720000	p16-output_move_count	16	measured-kaggle-2xt4	load-baseline-042	019fb3a6-89f6-7e09-9107-175c63f24b8b	287885d8f0749be9363d0cdbe5995fdc22653fa1f7c711b10e867c9070259f95	eeeeeeeeeeeeeeeeeeeeeeeeeeeeeeeeeeeeeeee	https://www.kaggle.com/code/load-user-02/cayleypy-public	results/v1/toy-cayley/cube_3-3-3/10042/2026-07-29/019fb3a6-89f6-7e09-9107-175c63f24b8b.json
10043	1	clockwise	65536	original	0	output_move_count	load-author-03	2026-07-29T12:00:43.000Z	toy-cayley	cube_3/3/3	65536	0	first	first_solution	0	1	0	8	16	toy-model.pt@dddddddddddd	toy-model.pt	dddddddddddddddddddddddddddddddddddddddddddddddddddddddddddddddd	resmlp-layernorm	fp16	2	kaggle	Tesla T4|Tesla T4	2	2			95335	4720000	p16-output_move_count	16	measured-kaggle-2xt4	load-baseline-043	019fb3a6-8a06-7d50-9f5e-99b430bf5d1c	8514fcba491437d00dd0650773b9bb933448f20b9b77625b85dca30b4b692a65	eeeeeeeeeeeeeeeeeeeeeeeeeeeeeeeeeeeeeeee	https://www.kaggle.com/code/load-user-03/cayleypy-public	results/v1/toy-cayley/cube_3-3-3/10043/2026-07-29/019fb3a6-8a06-7d50-9f5e-99b430bf5d1c.json
10044	1	clockwise	65536	original	0	output_move_count	load-author-04	2026-07-29T12:00:44.000Z	toy-cayley	cube_3/3/3	65536	0	first	first_solution	0	1	0	8	16	toy-model.pt@dddddddddddd	toy-model.pt	dddddddddddddddddddddddddddddddddddddddddddddddddddddddddddddddd	resmlp-layernorm	fp16	2	kaggle	Tesla T4|Tesla T4	2	2			95335	4720000	p16-output_move_count	16	measured-kaggle-2xt4	load-baseline-044	019fb3a6-760b-7cbf-8ea8-3f4825e396d0	0fda64633026b5e0c6c4d0c2f2327496a974257d4f00e585be7fb69d7531d243	eeeeeeeeeeeeeeeeeeeeeeeeeeeeeeeeeeeeeeee	https://www.kaggle.com/code/load-user-04/cayleypy-public	results/v1/toy-cayley/cube_3-3-3/10044/2026-07-29/019fb3a6-760b-7cbf-8ea8-3f4825e396d0.json
10045	1	clockwise	65536	original	0	output_move_count	load-author-05	2026-07-29T12:00:45.000Z	toy-cayley	cube_3/3/3	65536	0	first	first_solution	0	1	0	8	16	toy-model.pt@dddddddddddd	toy-model.pt	dddddddddddddddddddddddddddddddddddddddddddddddddddddddddddddddd	resmlp-layernorm	fp16	2	kaggle	Tesla T4|Tesla T4	2	2			95335	4720000	p16-output_move_count	16	measured-kaggle-2xt4	load-baseline-045	019fb3a6-766e-760c-98d5-7a599d4e4add	5c487411f6d1bdcccde4d767bd94853f621807a8728f534677672de23981db4b	eeeeeeeeeeeeeeeeeeeeeeeeeeeeeeeeeeeeeeee	https://www.kaggle.com/code/load-user-05/cayleypy-public	results/v1/toy-cayley/cube_3-3-3/10045/2026-07-29/019fb3a6-766e-760c-98d5-7a599d4e4add.json
10046	1	clockwise	65536	original	0	output_move_count	load-author-06	2026-07-29T12:00:46.000Z	toy-cayley	cube_3/3/3	65536	0	first	first_solution	0	1	0	8	16	toy-model.pt@dddddddddddd	toy-model.pt	dddddddddddddddddddddddddddddddddddddddddddddddddddddddddddddddd	resmlp-layernorm	fp16	2	kaggle	Tesla T4|Tesla T4	2	2			95335	4720000	p16-output_move_count	16	measured-kaggle-2xt4	load-baseline-046	019fb3a7-7925-78b1-84a8-656acd58453c	aa32b7ea84257b035a99b9a98c1c9bfc633e98ad708d1115154880e8bb258d6b	eeeeeeeeeeeeeeeeeeeeeeeeeeeeeeeeeeeeeeee	https://www.kaggle.com/code/load-user-06/cayleypy-public	results/v1/toy-cayley/cube_3-3-3/10046/2026-07-29/019fb3a7-7925-78b1-84a8-656acd58453c.json
10047	1	clockwise	65536	original	0	output_move_count	load-author-07	2026-07-29T12:00:47.000Z	toy-cayley	cube_3/3/3	65536	0	first	first_solution	0	1	0	8	16	toy-model.pt@dddddddddddd	toy-model.pt	dddddddddddddddddddddddddddddddddddddddddddddddddddddddddddddddd	resmlp-layernorm	fp16	2	kaggle	Tesla T4|Tesla T4	2	2			95335	4720000	p16-output_move_count	16	measured-kaggle-2xt4	load-baseline-047	019fb3a7-767a-70b7-8441-d9b271cde4f2	6eadf0a05c3ad80e2d447dc615909d9072f3a948888d62bb8a45fc19a3714674	eeeeeeeeeeeeeeeeeeeeeeeeeeeeeeeeeeeeeeee	https://www.kaggle.com/code/load-user-07/cayleypy-public	results/v1/toy-cayley/cube_3-3-3/10047/2026-07-29/019fb3a7-767a-70b7-8441-d9b271cde4f2.json
10048	1	clockwise	65536	original	0	output_move_count	load-author-08	2026-07-29T12:00:48.000Z	toy-cayley	cube_3/3/3	65536	0	first	first_solution	0	1	0	8	16	toy-model.pt@dddddddddddd	toy-model.pt	dddddddddddddddddddddddddddddddddddddddddddddddddddddddddddddddd	resmlp-layernorm	fp16	2	kaggle	Tesla T4|Tesla T4	2	2			95335	4720000	p16-output_move_count	16	measured-kaggle-2xt4	load-baseline-048	019fb3a7-766b-75d1-8744-1cb663f03e55	20e966c02fd522bd21784de86589499c29e881c91b88bb391b2dd078bab6d70f	eeeeeeeeeeeeeeeeeeeeeeeeeeeeeeeeeeeeeeee	https://www.kaggle.com/code/load-user-08/cayleypy-public	results/v1/toy-cayley/cube_3-3-3/10048/2026-07-29/019fb3a7-766b-75d1-8744-1cb663f03e55.json
10049	1	clockwise	65536	original	0	output_move_count	load-author-09	2026-07-29T12:00:49.000Z	toy-cayley	cube_3/3/3	65536	0	first	first_solution	0	1	0	8	16	toy-model.pt@dddddddddddd	toy-model.pt	dddddddddddddddddddddddddddddddddddddddddddddddddddddddddddddddd	resmlp-layernorm	fp16	2	kaggle	Tesla T4|Tesla T4	2	2			95335	4720000	p16-output_move_count	16	measured-kaggle-2xt4	load-baseline-049	019fb3a6-7606-7233-954c-a367a51b1ff5	81d6a8f06566c502723973fa73f25768edab937ad39c21ba571c37550ef9f117	eeeeeeeeeeeeeeeeeeeeeeeeeeeeeeeeeeeeeeee	https://www.kaggle.com/code/load-user-09/cayleypy-public	results/v1/toy-cayley/cube_3-3-3/10049/2026-07-29/019fb3a6-7606-7233-954c-a367a51b1ff5.json
10050	1	clockwise	65536	original	0	output_move_count	load-author-10	2026-07-29T12:00:50.000Z	toy-cayley	cube_3/3/3	65536	0	first	first_solution	0	1	0	8	16	toy-model.pt@dddddddddddd	toy-model.pt	dddddddddddddddddddddddddddddddddddddddddddddddddddddddddddddddd	resmlp-layernorm	fp16	2	kaggle	Tesla T4|Tesla T4	2	2			95335	4720000	p16-output_move_count	16	measured-kaggle-2xt4	load-baseline-050	019fb3a6-7670-74ce-aecf-2c42d6396a67	922d3f497898352d0d8a5eb5bc9c12e3eaa806dc9ecce253412f1db12c259176	eeeeeeeeeeeeeeeeeeeeeeeeeeeeeeeeeeeeeeee	https://www.kaggle.com/code/load-user-10/cayleypy-public	results/v1/toy-cayley/cube_3-3-3/10050/2026-07-29/019fb3a6-7670-74ce-aecf-2c42d6396a67.json
10051	1	clockwise	65536	original	0	output_move_count	load-author-11	2026-07-29T12:00:51.000Z	toy-cayley	cube_3/3/3	65536	0	first	first_solution	0	1	0	8	16	toy-model.pt@dddddddddddd	toy-model.pt	dddddddddddddddddddddddddddddddddddddddddddddddddddddddddddddddd	resmlp-layernorm	fp16	2	kaggle	Tesla T4|Tesla T4	2	2			95335	4720000	p16-output_move_count	16	measured-kaggle-2xt4	load-baseline-051	019fb3a6-8a8d-72d4-af2c-6a8529d3aedc	a70de4928f6daf2e9d095f2db35015fcef633c39bc354dfe890343dc245ef56e	eeeeeeeeeeeeeeeeeeeeeeeeeeeeeeeeeeeeeeee	https://www.kaggle.com/code/load-user-11/cayleypy-public	results/v1/toy-cayley/cube_3-3-3/10051/2026-07-29/019fb3a6-8a8d-72d4-af2c-6a8529d3aedc.json
10052	1	clockwise	65536	original	0	output_move_count	load-author-12	2026-07-29T12:00:52.000Z	toy-cayley	cube_3/3/3	65536	0	first	first_solution	0	1	0	8	16	toy-model.pt@dddddddddddd	toy-model.pt	dddddddddddddddddddddddddddddddddddddddddddddddddddddddddddddddd	resmlp-layernorm	fp16	2	kaggle	Tesla T4|Tesla T4	2	2			95335	4720000	p16-output_move_count	16	measured-kaggle-2xt4	load-baseline-052	019fb3a7-75d4-70b7-bd9d-2e5ed5e7a13c	3cdb340c9d689d6c70ad0b50ba141752e4cdfaf359d14c8beaccef5a680fa2e4	eeeeeeeeeeeeeeeeeeeeeeeeeeeeeeeeeeeeeeee	https://www.kaggle.com/code/load-user-12/cayleypy-public	results/v1/toy-cayley/cube_3-3-3/10052/2026-07-29/019fb3a7-75d4-70b7-bd9d-2e5ed5e7a13c.json
10053	1	clockwise	65536	original	0	output_move_count	load-author-13	2026-07-29T12:10:53.000Z	toy-cayley	cube_3/3/3	65536	0	first	first_solution	0	1	0	8	16	toy-model.pt@dddddddddddd	toy-model.pt	dddddddddddddddddddddddddddddddddddddddddddddddddddddddddddddddd	resmlp-layernorm	fp16	2	kaggle	Tesla T4|Tesla T4	2	2			95335	4720000	p16-output_move_count	16	measured-kaggle-2xt4	load-baseline-repair-53	019fb3ac-3dd3-772f-82b7-a646e7fd772b	d6720d6a243af4dacd6d229eb25cc6e8e0f3b521832707d55478942f8cb7e7cf	eeeeeeeeeeeeeeeeeeeeeeeeeeeeeeeeeeeeeeee	https://www.kaggle.com/code/load-user-13/cayleypy-public	results/v1/toy-cayley/cube_3-3-3/10053/2026-07-29/019fb3ac-3dd3-772f-82b7-a646e7fd772b.json
10054	1	clockwise	65536	original	0	output_move_count	load-author-14	2026-07-29T12:00:54.000Z	toy-cayley	cube_3/3/3	65536	0	first	first_solution	0	1	0	8	16	toy-model.pt@dddddddddddd	toy-model.pt	dddddddddddddddddddddddddddddddddddddddddddddddddddddddddddddddd	resmlp-layernorm	fp16	2	kaggle	Tesla T4|Tesla T4	2	2			95335	4720000	p16-output_move_count	16	measured-kaggle-2xt4	load-baseline-054	019fb3a7-796b-7d08-a938-c46d171f2f0c	d9d1e991b0260ba336236a50d5e180373a78c90fd7f238d2f0b1f473bb7c6ca4	eeeeeeeeeeeeeeeeeeeeeeeeeeeeeeeeeeeeeeee	https://www.kaggle.com/code/load-user-14/cayleypy-public	results/v1/toy-cayley/cube_3-3-3/10054/2026-07-29/019fb3a7-796b-7d08-a938-c46d171f2f0c.json
10055	1	clockwise	65536	original	0	output_move_count	load-author-15	2026-07-29T12:00:55.000Z	toy-cayley	cube_3/3/3	65536	0	first	first_solution	0	1	0	8	16	toy-model.pt@dddddddddddd	toy-model.pt	dddddddddddddddddddddddddddddddddddddddddddddddddddddddddddddddd	resmlp-layernorm	fp16	2	kaggle	Tesla T4|Tesla T4	2	2			95335	4720000	p16-output_move_count	16	measured-kaggle-2xt4	load-baseline-055	019fb3a6-7647-7bd1-86a8-721fb9d49320	2d04e39bafcafc48c19645728492cbf7ff9d7d687f55c6be279a8e654b40ed21	eeeeeeeeeeeeeeeeeeeeeeeeeeeeeeeeeeeeeeee	https://www.kaggle.com/code/load-user-15/cayleypy-public	results/v1/toy-cayley/cube_3-3-3/10055/2026-07-29/019fb3a6-7647-7bd1-86a8-721fb9d49320.json
10056	1	clockwise	65536	original	0	output_move_count	load-author-16	2026-07-29T12:00:56.000Z	toy-cayley	cube_3/3/3	65536	0	first	first_solution	0	1	0	8	16	toy-model.pt@dddddddddddd	toy-model.pt	dddddddddddddddddddddddddddddddddddddddddddddddddddddddddddddddd	resmlp-layernorm	fp16	2	kaggle	Tesla T4|Tesla T4	2	2			95335	4720000	p16-output_move_count	16	measured-kaggle-2xt4	load-baseline-056	019fb3a7-7656-7c97-9e38-96f45ff052fa	6104ba2797c27dd45927c1650a873259b6c923986754bd857e4dfecc0634713f	eeeeeeeeeeeeeeeeeeeeeeeeeeeeeeeeeeeeeeee	https://www.kaggle.com/code/load-user-16/cayleypy-public	results/v1/toy-cayley/cube_3-3-3/10056/2026-07-29/019fb3a7-7656-7c97-9e38-96f45ff052fa.json
10057	1	clockwise	65536	original	0	output_move_count	load-author-17	2026-07-29T12:00:57.000Z	toy-cayley	cube_3/3/3	65536	0	first	first_solution	0	1	0	8	16	toy-model.pt@dddddddddddd	toy-model.pt	dddddddddddddddddddddddddddddddddddddddddddddddddddddddddddddddd	resmlp-layernorm	fp16	2	kaggle	Tesla T4|Tesla T4	2	2			95335	4720000	p16-output_move_count	16	measured-kaggle-2xt4	load-baseline-057	019fb3a6-8a21-7c36-a07c-35af68bdba47	d802dbb0cfcfa9a99952a4656448be3920dca173d85d73b64a8d20fdd13ea151	eeeeeeeeeeeeeeeeeeeeeeeeeeeeeeeeeeeeeeee	https://www.kaggle.com/code/load-user-17/cayleypy-public	results/v1/toy-cayley/cube_3-3-3/10057/2026-07-29/019fb3a6-8a21-7c36-a07c-35af68bdba47.json
10058	1	clockwise	65536	original	0	output_move_count	load-author-18	2026-07-29T12:00:58.000Z	toy-cayley	cube_3/3/3	65536	0	first	first_solution	0	1	0	8	16	toy-model.pt@dddddddddddd	toy-model.pt	dddddddddddddddddddddddddddddddddddddddddddddddddddddddddddddddd	resmlp-layernorm	fp16	2	kaggle	Tesla T4|Tesla T4	2	2			95335	4720000	p16-output_move_count	16	measured-kaggle-2xt4	load-baseline-058	019fb3a6-8a46-7116-bad1-4e43fcb48dd9	0a48a1b3b0ec2a3ee9bd4fad8de6c7ca8f2ba49785694d4f332d25e62197a518	eeeeeeeeeeeeeeeeeeeeeeeeeeeeeeeeeeeeeeee	https://www.kaggle.com/code/load-user-18/cayleypy-public	results/v1/toy-cayley/cube_3-3-3/10058/2026-07-29/019fb3a6-8a46-7116-bad1-4e43fcb48dd9.json
10059	1	clockwise	65536	original	0	output_move_count	load-author-19	2026-07-29T12:00:59.000Z	toy-cayley	cube_3/3/3	65536	0	first	first_solution	0	1	0	8	16	toy-model.pt@dddddddddddd	toy-model.pt	dddddddddddddddddddddddddddddddddddddddddddddddddddddddddddddddd	resmlp-layernorm	fp16	2	kaggle	Tesla T4|Tesla T4	2	2			95335	4720000	p16-output_move_count	16	measured-kaggle-2xt4	load-baseline-059	019fb3a7-75c0-7f24-b900-0bbc920923fa	88c101e4cf8c53a623d42b9ce4c32d41eaa67007db8ec1c805c3cfdd84d8868f	eeeeeeeeeeeeeeeeeeeeeeeeeeeeeeeeeeeeeeee	https://www.kaggle.com/code/load-user-19/cayleypy-public	results/v1/toy-cayley/cube_3-3-3/10059/2026-07-29/019fb3a7-75c0-7f24-b900-0bbc920923fa.json
10060	1	clockwise	65536	original	0	output_move_count	load-author-00	2026-07-29T12:01:00.000Z	toy-cayley	cube_3/3/3	65536	0	first	first_solution	0	1	0	8	16	toy-model.pt@dddddddddddd	toy-model.pt	dddddddddddddddddddddddddddddddddddddddddddddddddddddddddddddddd	resmlp-layernorm	fp16	2	kaggle	Tesla T4|Tesla T4	2	2			95335	4720000	p16-output_move_count	16	measured-kaggle-2xt4	load-baseline-060	019fb3a6-7608-7482-9c88-00711cbcf018	50455abc2af08ebca744f0e1be24ce12f33ead80c91f67fb6f92d8b0e6cf40ef	eeeeeeeeeeeeeeeeeeeeeeeeeeeeeeeeeeeeeeee	https://www.kaggle.com/code/load-user-00/cayleypy-public	results/v1/toy-cayley/cube_3-3-3/10060/2026-07-29/019fb3a6-7608-7482-9c88-00711cbcf018.json
10061	1	clockwise	65536	original	0	output_move_count	load-author-01	2026-07-29T12:01:01.000Z	toy-cayley	cube_3/3/3	65536	0	first	first_solution	0	1	0	8	16	toy-model.pt@dddddddddddd	toy-model.pt	dddddddddddddddddddddddddddddddddddddddddddddddddddddddddddddddd	resmlp-layernorm	fp16	2	kaggle	Tesla T4|Tesla T4	2	2			95335	4720000	p16-output_move_count	16	measured-kaggle-2xt4	load-baseline-061	019fb3a8-510d-73e1-9e77-59f1b0bec7de	031fdba90876d026fd594c0ef2a666981578a766a8e9d936086552b06903f52b	eeeeeeeeeeeeeeeeeeeeeeeeeeeeeeeeeeeeeeee	https://www.kaggle.com/code/load-user-01/cayleypy-public	results/v1/toy-cayley/cube_3-3-3/10061/2026-07-29/019fb3a8-510d-73e1-9e77-59f1b0bec7de.json
10062	1	clockwise	65536	original	0	output_move_count	load-author-02	2026-07-29T12:01:02.000Z	toy-cayley	cube_3/3/3	65536	0	first	first_solution	0	1	0	8	16	toy-model.pt@dddddddddddd	toy-model.pt	dddddddddddddddddddddddddddddddddddddddddddddddddddddddddddddddd	resmlp-layernorm	fp16	2	kaggle	Tesla T4|Tesla T4	2	2			95335	4720000	p16-output_move_count	16	measured-kaggle-2xt4	load-baseline-062	019fb3a6-8a03-7d36-8fe5-23a12a5363be	64c59871abdf2fb432d1608b7c78ce2ec78bb9735b1b8400a8d44db7da75f9ec	eeeeeeeeeeeeeeeeeeeeeeeeeeeeeeeeeeeeeeee	https://www.kaggle.com/code/load-user-02/cayleypy-public	results/v1/toy-cayley/cube_3-3-3/10062/2026-07-29/019fb3a6-8a03-7d36-8fe5-23a12a5363be.json
10063	1	clockwise	65536	original	0	output_move_count	load-author-03	2026-07-29T12:01:03.000Z	toy-cayley	cube_3/3/3	65536	0	first	first_solution	0	1	0	8	16	toy-model.pt@dddddddddddd	toy-model.pt	dddddddddddddddddddddddddddddddddddddddddddddddddddddddddddddddd	resmlp-layernorm	fp16	2	kaggle	Tesla T4|Tesla T4	2	2			95335	4720000	p16-output_move_count	16	measured-kaggle-2xt4	load-baseline-063	019fb3a6-89f5-7be2-9f35-82a062864cbc	ab45ea1510d41ff4c43a2f349bf9e5fdf5dc3fa1cbc92fa3738b8303f6e5f2aa	eeeeeeeeeeeeeeeeeeeeeeeeeeeeeeeeeeeeeeee	https://www.kaggle.com/code/load-user-03/cayleypy-public	results/v1/toy-cayley/cube_3-3-3/10063/2026-07-29/019fb3a6-89f5-7be2-9f35-82a062864cbc.json
10064	1	clockwise	65536	original	0	output_move_count	load-author-04	2026-07-29T12:01:04.000Z	toy-cayley	cube_3/3/3	65536	0	first	first_solution	0	1	0	8	16	toy-model.pt@dddddddddddd	toy-model.pt	dddddddddddddddddddddddddddddddddddddddddddddddddddddddddddddddd	resmlp-layernorm	fp16	2	kaggle	Tesla T4|Tesla T4	2	2			95335	4720000	p16-output_move_count	16	measured-kaggle-2xt4	load-baseline-064	019fb3a6-8a07-7b75-87ee-0ab39e33092a	6707d60a3ff7d0b13b83344c1a11676a263a99e32df648ec00dd6e4247fb6051	eeeeeeeeeeeeeeeeeeeeeeeeeeeeeeeeeeeeeeee	https://www.kaggle.com/code/load-user-04/cayleypy-public	results/v1/toy-cayley/cube_3-3-3/10064/2026-07-29/019fb3a6-8a07-7b75-87ee-0ab39e33092a.json
10065	1	clockwise	65536	original	0	output_move_count	load-author-05	2026-07-29T12:01:05.000Z	toy-cayley	cube_3/3/3	65536	0	first	first_solution	0	1	0	8	16	toy-model.pt@dddddddddddd	toy-model.pt	dddddddddddddddddddddddddddddddddddddddddddddddddddddddddddddddd	resmlp-layernorm	fp16	2	kaggle	Tesla T4|Tesla T4	2	2			95335	4720000	p16-output_move_count	16	measured-kaggle-2xt4	load-baseline-065	019fb3a6-766c-73f8-8f31-79a2ec536ef0	300434379d520574b87656daf8e026cef086e87f5f853a36c9cd222d0b1cbf85	eeeeeeeeeeeeeeeeeeeeeeeeeeeeeeeeeeeeeeee	https://www.kaggle.com/code/load-user-05/cayleypy-public	results/v1/toy-cayley/cube_3-3-3/10065/2026-07-29/019fb3a6-766c-73f8-8f31-79a2ec536ef0.json
10066	1	clockwise	65536	original	0	output_move_count	load-author-06	2026-07-29T12:01:06.000Z	toy-cayley	cube_3/3/3	65536	0	first	first_solution	0	1	0	8	16	toy-model.pt@dddddddddddd	toy-model.pt	dddddddddddddddddddddddddddddddddddddddddddddddddddddddddddddddd	resmlp-layernorm	fp16	2	kaggle	Tesla T4|Tesla T4	2	2			95335	4720000	p16-output_move_count	16	measured-kaggle-2xt4	load-baseline-066	019fb3a6-7618-7eee-84fe-ce3322874a79	9ce6d4c40e24eede82e54379ef95e078e5e111a00e691bd9b9bed8e5882a3d52	eeeeeeeeeeeeeeeeeeeeeeeeeeeeeeeeeeeeeeee	https://www.kaggle.com/code/load-user-06/cayleypy-public	results/v1/toy-cayley/cube_3-3-3/10066/2026-07-29/019fb3a6-7618-7eee-84fe-ce3322874a79.json
10067	1	clockwise	65536	original	0	output_move_count	load-author-07	2026-07-29T12:01:07.000Z	toy-cayley	cube_3/3/3	65536	0	first	first_solution	0	1	0	8	16	toy-model.pt@dddddddddddd	toy-model.pt	dddddddddddddddddddddddddddddddddddddddddddddddddddddddddddddddd	resmlp-layernorm	fp16	2	kaggle	Tesla T4|Tesla T4	2	2			95335	4720000	p16-output_move_count	16	measured-kaggle-2xt4	load-baseline-067	019fb3a6-89f6-79a6-a517-25eb70a78297	1c227e626575ca9aab41aba7f7a2711ae902827804a8fe7145f66ccd6c447087	eeeeeeeeeeeeeeeeeeeeeeeeeeeeeeeeeeeeeeee	https://www.kaggle.com/code/load-user-07/cayleypy-public	results/v1/toy-cayley/cube_3-3-3/10067/2026-07-29/019fb3a6-89f6-79a6-a517-25eb70a78297.json
10068	1	clockwise	65536	original	0	output_move_count	load-author-08	2026-07-29T12:01:08.000Z	toy-cayley	cube_3/3/3	65536	0	first	first_solution	0	1	0	8	16	toy-model.pt@dddddddddddd	toy-model.pt	dddddddddddddddddddddddddddddddddddddddddddddddddddddddddddddddd	resmlp-layernorm	fp16	2	kaggle	Tesla T4|Tesla T4	2	2			95335	4720000	p16-output_move_count	16	measured-kaggle-2xt4	load-baseline-068	019fb3a8-650f-7eb2-8f80-db6ffc592479	40364f05c9afb3481fbb7f41584b604223f861c4d5c9bf732b1145c9c34137ab	eeeeeeeeeeeeeeeeeeeeeeeeeeeeeeeeeeeeeeee	https://www.kaggle.com/code/load-user-08/cayleypy-public	results/v1/toy-cayley/cube_3-3-3/10068/2026-07-29/019fb3a8-650f-7eb2-8f80-db6ffc592479.json
10069	1	clockwise	65536	original	0	output_move_count	load-author-09	2026-07-29T12:01:09.000Z	toy-cayley	cube_3/3/3	65536	0	first	first_solution	0	1	0	8	16	toy-model.pt@dddddddddddd	toy-model.pt	dddddddddddddddddddddddddddddddddddddddddddddddddddddddddddddddd	resmlp-layernorm	fp16	2	kaggle	Tesla T4|Tesla T4	2	2			95335	4720000	p16-output_move_count	16	measured-kaggle-2xt4	load-baseline-069	019fb3a7-78a5-7773-beab-9127ed7e5ef4	8208018657537eee30166c580cc72f563305f1a465079483209027c85bdd3df8	eeeeeeeeeeeeeeeeeeeeeeeeeeeeeeeeeeeeeeee	https://www.kaggle.com/code/load-user-09/cayleypy-public	results/v1/toy-cayley/cube_3-3-3/10069/2026-07-29/019fb3a7-78a5-7773-beab-9127ed7e5ef4.json
10070	1	clockwise	65536	original	0	output_move_count	load-author-10	2026-07-29T12:01:10.000Z	toy-cayley	cube_3/3/3	65536	0	first	first_solution	0	1	0	8	16	toy-model.pt@dddddddddddd	toy-model.pt	dddddddddddddddddddddddddddddddddddddddddddddddddddddddddddddddd	resmlp-layernorm	fp16	2	kaggle	Tesla T4|Tesla T4	2	2			95335	4720000	p16-output_move_count	16	measured-kaggle-2xt4	load-baseline-070	019fb3a6-8a26-7256-b766-cf23b76fdfb3	33a3bebb2749e8365619af42f7d5795c56dba8f00314b96104112214b0f8ae37	eeeeeeeeeeeeeeeeeeeeeeeeeeeeeeeeeeeeeeee	https://www.kaggle.com/code/load-user-10/cayleypy-public	results/v1/toy-cayley/cube_3-3-3/10070/2026-07-29/019fb3a6-8a26-7256-b766-cf23b76fdfb3.json
10071	1	clockwise	65536	original	0	output_move_count	load-author-11	2026-07-29T12:01:11.000Z	toy-cayley	cube_3/3/3	65536	0	first	first_solution	0	1	0	8	16	toy-model.pt@dddddddddddd	toy-model.pt	dddddddddddddddddddddddddddddddddddddddddddddddddddddddddddddddd	resmlp-layernorm	fp16	2	kaggle	Tesla T4|Tesla T4	2	2			95335	4720000	p16-output_move_count	16	measured-kaggle-2xt4	load-baseline-071	019fb3a6-7641-7917-801e-c0d12341a45a	3d29f999fd1e43a8837f418f9e7f2400c89da856a8bf98dcb0a8415942a6d29a	eeeeeeeeeeeeeeeeeeeeeeeeeeeeeeeeeeeeeeee	https://www.kaggle.com/code/load-user-11/cayleypy-public	results/v1/toy-cayley/cube_3-3-3/10071/2026-07-29/019fb3a6-7641-7917-801e-c0d12341a45a.json
10072	1	clockwise	65536	original	0	output_move_count	load-author-12	2026-07-29T12:01:12.000Z	toy-cayley	cube_3/3/3	65536	0	first	first_solution	0	1	0	8	16	toy-model.pt@dddddddddddd	toy-model.pt	dddddddddddddddddddddddddddddddddddddddddddddddddddddddddddddddd	resmlp-layernorm	fp16	2	kaggle	Tesla T4|Tesla T4	2	2			95335	4720000	p16-output_move_count	16	measured-kaggle-2xt4	load-baseline-072	019fb3a6-8a83-7c44-9deb-1579ec39eeba	6e5683a41f50cca86ee6322cd7777e4ce7288365a3a6f51250e4799e409a9ca5	eeeeeeeeeeeeeeeeeeeeeeeeeeeeeeeeeeeeeeee	https://www.kaggle.com/code/load-user-12/cayleypy-public	results/v1/toy-cayley/cube_3-3-3/10072/2026-07-29/019fb3a6-8a83-7c44-9deb-1579ec39eeba.json
10073	1	clockwise	65536	original	0	output_move_count	load-author-13	2026-07-29T12:01:13.000Z	toy-cayley	cube_3/3/3	65536	0	first	first_solution	0	1	0	8	16	toy-model.pt@dddddddddddd	toy-model.pt	dddddddddddddddddddddddddddddddddddddddddddddddddddddddddddddddd	resmlp-layernorm	fp16	2	kaggle	Tesla T4|Tesla T4	2	2			95335	4720000	p16-output_move_count	16	measured-kaggle-2xt4	load-baseline-073	019fb3a7-797b-72ca-9840-f6508f236030	51e58aa402b9d8bafa0ad0075aba87733887a19b0d1fc9340c631e44f60a3b5d	eeeeeeeeeeeeeeeeeeeeeeeeeeeeeeeeeeeeeeee	https://www.kaggle.com/code/load-user-13/cayleypy-public	results/v1/toy-cayley/cube_3-3-3/10073/2026-07-29/019fb3a7-797b-72ca-9840-f6508f236030.json
10074	1	clockwise	65536	original	0	output_move_count	load-author-14	2026-07-29T12:01:14.000Z	toy-cayley	cube_3/3/3	65536	0	first	first_solution	0	1	0	8	16	toy-model.pt@dddddddddddd	toy-model.pt	dddddddddddddddddddddddddddddddddddddddddddddddddddddddddddddddd	resmlp-layernorm	fp16	2	kaggle	Tesla T4|Tesla T4	2	2			95335	4720000	p16-output_move_count	16	measured-kaggle-2xt4	load-baseline-074	019fb3a7-75f9-71cb-9f36-45efdbf8baaa	4920e16eda65e45a5b1651af83974f58d10121d37d4451afa8818f9d2dd17278	eeeeeeeeeeeeeeeeeeeeeeeeeeeeeeeeeeeeeeee	https://www.kaggle.com/code/load-user-14/cayleypy-public	results/v1/toy-cayley/cube_3-3-3/10074/2026-07-29/019fb3a7-75f9-71cb-9f36-45efdbf8baaa.json
10075	1	clockwise	65536	original	0	output_move_count	load-author-15	2026-07-29T12:01:15.000Z	toy-cayley	cube_3/3/3	65536	0	first	first_solution	0	1	0	8	16	toy-model.pt@dddddddddddd	toy-model.pt	dddddddddddddddddddddddddddddddddddddddddddddddddddddddddddddddd	resmlp-layernorm	fp16	2	kaggle	Tesla T4|Tesla T4	2	2			95335	4720000	p16-output_move_count	16	measured-kaggle-2xt4	load-baseline-075	019fb3a7-78ff-7098-bc4f-ff527bdfd1b5	f8c4ff8b48bae3dd2711e47bb555889624968e50e2bbcd525cd71f3c5bbc55eb	eeeeeeeeeeeeeeeeeeeeeeeeeeeeeeeeeeeeeeee	https://www.kaggle.com/code/load-user-15/cayleypy-public	results/v1/toy-cayley/cube_3-3-3/10075/2026-07-29/019fb3a7-78ff-7098-bc4f-ff527bdfd1b5.json
10076	1	clockwise	65536	original	0	output_move_count	load-author-16	2026-07-29T12:01:16.000Z	toy-cayley	cube_3/3/3	65536	0	first	first_solution	0	1	0	8	16	toy-model.pt@dddddddddddd	toy-model.pt	dddddddddddddddddddddddddddddddddddddddddddddddddddddddddddddddd	resmlp-layernorm	fp16	2	kaggle	Tesla T4|Tesla T4	2	2			95335	4720000	p16-output_move_count	16	measured-kaggle-2xt4	load-baseline-076	019fb3a6-7603-7959-9d08-923269982163	04ab59d43831ad5e0e1d3acfadde088f3a1515b861711803765f9c6eaccf4982	eeeeeeeeeeeeeeeeeeeeeeeeeeeeeeeeeeeeeeee	https://www.kaggle.com/code/load-user-16/cayleypy-public	results/v1/toy-cayley/cube_3-3-3/10076/2026-07-29/019fb3a6-7603-7959-9d08-923269982163.json
10077	1	clockwise	65536	original	0	output_move_count	load-author-17	2026-07-29T12:01:17.000Z	toy-cayley	cube_3/3/3	65536	0	first	first_solution	0	1	0	8	16	toy-model.pt@dddddddddddd	toy-model.pt	dddddddddddddddddddddddddddddddddddddddddddddddddddddddddddddddd	resmlp-layernorm	fp16	2	kaggle	Tesla T4|Tesla T4	2	2			95335	4720000	p16-output_move_count	16	measured-kaggle-2xt4	load-baseline-077	019fb3a6-764d-7c17-b286-3e9603ca1969	d89ecd5758c78ff74cdf449ed4ea4c78832491eeb7edf238db2fa998071b0ae1	eeeeeeeeeeeeeeeeeeeeeeeeeeeeeeeeeeeeeeee	https://www.kaggle.com/code/load-user-17/cayleypy-public	results/v1/toy-cayley/cube_3-3-3/10077/2026-07-29/019fb3a6-764d-7c17-b286-3e9603ca1969.json
10078	1	clockwise	65536	original	0	output_move_count	load-author-18	2026-07-29T12:01:18.000Z	toy-cayley	cube_3/3/3	65536	0	first	first_solution	0	1	0	8	16	toy-model.pt@dddddddddddd	toy-model.pt	dddddddddddddddddddddddddddddddddddddddddddddddddddddddddddddddd	resmlp-layernorm	fp16	2	kaggle	Tesla T4|Tesla T4	2	2			95335	4720000	p16-output_move_count	16	measured-kaggle-2xt4	load-baseline-078	019fb3a8-675c-70c8-b351-829094880ae0	0d4cc7395613751bbbaf21825892c521bc742f71dd1a33672226c7b7fec3ccfa	eeeeeeeeeeeeeeeeeeeeeeeeeeeeeeeeeeeeeeee	https://www.kaggle.com/code/load-user-18/cayleypy-public	results/v1/toy-cayley/cube_3-3-3/10078/2026-07-29/019fb3a8-675c-70c8-b351-829094880ae0.json
10079	1	clockwise	65536	original	0	output_move_count	load-author-19	2026-07-29T12:01:19.000Z	toy-cayley	cube_3/3/3	65536	0	first	first_solution	0	1	0	8	16	toy-model.pt@dddddddddddd	toy-model.pt	dddddddddddddddddddddddddddddddddddddddddddddddddddddddddddddddd	resmlp-layernorm	fp16	2	kaggle	Tesla T4|Tesla T4	2	2			95335	4720000	p16-output_move_count	16	measured-kaggle-2xt4	load-baseline-079	019fb3a8-65c5-7f8e-bb8e-44ea390444b8	5deec487eb0b95466e534d6fa65785e35939abe914035695b4755b76f3b0ab4d	eeeeeeeeeeeeeeeeeeeeeeeeeeeeeeeeeeeeeeee	https://www.kaggle.com/code/load-user-19/cayleypy-public	results/v1/toy-cayley/cube_3-3-3/10079/2026-07-29/019fb3a8-65c5-7f8e-bb8e-44ea390444b8.json
