solution_path	solution_length	puzzle_id	final_orientation	author_name	submitted_at	submission_id	run_id	solver_commit	record_path
'-f1.-r1.f2.r1.f1.-r1.-f2.r1	8	1	original	public-example-cayleypy-2xt4-ihes-example	2026-08-01T10:22:07.507Z	019fbcd8-6cd7-77bd-878c-d003319cea8e	run-62e68248a8fa433d9c618de85d23c94f	039a4fb9c699bda644efbb0f8ee7a5b51efbb5d2	results/v1/cayleypy-ihes-cube/cayleypy-72-18-8d89ca84c2a630e5/1/2026-08-01/019fbcd8-6cd7-77bd-878c-d003319cea8e.json
'-f1.-r1.f2.r1.f1.-r1.-f2.r1	8	1	original	public-example-cayleypy-2xt4-ihes-example	2026-08-01T12:46:51.606Z	019fbd5c-efd6-729d-94b9-1b06099b1be6	run-2702780f180b4d888aa732a98904d4e6	cb9e911914bdb4ac63c2b5306f554e5a76b9884e	results/v1/cayleypy-ihes-cube/cayleypy-72-18-8d89ca84c2a630e5/1/2026-08-01/019fbd5c-efd6-729d-94b9-1b06099b1be6.json
'-f1.-r1.f2.r1.f1.-r1.-f2.r1	8	1	original	public-example-cayleypy-2xt4-ihes-example	2026-08-01T13:02:29.787Z	019fbd6b-4048-70e8-ab12-b6cd4a373267	run-96f63b85ee0e46bc908925668a41b33d	cb9e911914bdb4ac63c2b5306f554e5a76b9884e	results/v1/cayleypy-ihes-cube/cayleypy-72-18-8d89ca84c2a630e5/1/2026-08-01/019fbd6b-4048-70e8-ab12-b6cd4a373267.json
'-f1.-r1.f2.r1.f1.-r1.-f2.r1	8	1	original	public-example-cayleypy-2xt4-ihes-example	2026-08-01T13:15:18.289Z	019fbd76-f9b8-789d-936f-35ba3be1ced4	run-4ab5dfd1b8d1478c96979c9aa1eaaae0	78565a76f06c6a7c1d98a9e871d81cb64df71ee1	results/v1/cayleypy-ihes-cube/cayleypy-72-18-8d89ca84c2a630e5/1/2026-08-01/019fbd76-f9b8-789d-936f-35ba3be1ced4.json
'-f1.-r1.f2.r1.f1.-r1.-f2.r1	8	1	original	public-example-cayleypy-2xt4-ihes-example	2026-08-01T15:36:16.142Z	019fbdf8-095c-7596-b9bd-5d06ac448fae	run-2f794fba9ee044dfa943a4143b5139d7	cec74003f262e9d93d2fc0cc56a5e2d49a5010e0	results/v1/cayleypy-ihes-cube/cayleypy-72-18-8d89ca84c2a630e5/1/2026-08-01/019fbdf8-095c-7596-b9bd-5d06ac448fae.json
'-f1.-r1.f2.r1.f1.-r1.-f2.r1	8	1	original	public-example-cayleypy-2xt4-ihes-example	2026-08-01T18:04:24.698Z	019fbe7f-ab1b-7bd9-8792-5219491c4f56	run-fe39390d027c4fa49f6992ac2c399815	f2261a81873ea162a0c36ba8874b9173db8d4083	results/v1/cayleypy-ihes-cube/cayleypy-72-18-8d89ca84c2a630e5/1/2026-08-01/019fbe7f-ab1b-7bd9-8792-5219491c4f56.json
'-f1.-r1.f2.r1.f1.-r1.-f2.r1	8	1	original	public-example-cayleypy-2xt4-ihes-example	2026-08-01T21:23:59.911Z	019fbf36-643b-7bea-a737-383ca38b6f0d	run-0a840d0f79af4f64884e0d283f4732aa	f679504baddbab3765c91af526e57ec9360cf309	results/v1/cayleypy-ihes-cube/cayleypy-72-18-8d89ca84c2a630e5/1/2026-08-01/019fbf36-643b-7bea-a737-383ca38b6f0d.json
r1.-d1.-r1.d2.r1.d1.-r1.-d2	8	1	original	public-example-cayleypy-2xt4-ihes-example-first	2026-07-31T12:51:09.384Z	019fb83a-838c-7382-9cf8-d19992fef340	run-664b29a62527440ab94e140ecdc3a630	a1db0e6d9bb5458c8a842b37dfa99572d3025667	results/v1/cayleypy-ihes-cube/cayleypy-72-18-8d89ca84c2a630e5/1/2026-07-31/019fb83a-838c-7382-9cf8-d19992fef340.json
'-r1.d1.r1.d2.-r1.-d1.r1.-d2	8	1	original	public-example-cayleypy-2xt4-ihes-example-collect	2026-07-31T12:51:14.304Z	019fb83a-a885-7b83-9391-ea34539d46ff	run-39acc073c64048f6ab0ee42991a7f3ec	a1db0e6d9bb5458c8a842b37dfa99572d3025667	results/v1/cayleypy-ihes-cube/cayleypy-72-18-8d89ca84c2a630e5/1/2026-07-31/019fb83a-a885-7b83-9391-ea34539d46ff.json
r1.-d1.-r1.d2.r1.d1.-r1.-d2	8	1	original	public-example-cayleypy-2xt4-ihes-example-collect	2026-07-31T12:51:14.235Z	019fb83a-a897-729e-95ad-093ce5abde7b	run-39acc073c64048f6ab0ee42991a7f3ec	a1db0e6d9bb5458c8a842b37dfa99572d3025667	results/v1/cayleypy-ihes-cube/cayleypy-72-18-8d89ca84c2a630e5/1/2026-07-31/019fb83a-a897-729e-95ad-093ce5abde7b.json
r2.-d1.r1.d1.-r2.-d1.-r1.d1	8	1	original	public-example-cayleypy-2xt4-ihes-example-collect	2026-07-31T12:51:14.413Z	019fb83a-a897-7354-b0ba-e8869725e48d	run-39acc073c64048f6ab0ee42991a7f3ec	a1db0e6d9bb5458c8a842b37dfa99572d3025667	results/v1/cayleypy-ihes-cube/cayleypy-72-18-8d89ca84c2a630e5/1/2026-07-31/019fb83a-a897-7354-b0ba-e8869725e48d.json
'-f1.-r1.f2.r1.f1.-r1.-f2.r1	8	1	original	public-example-cayleypy-2xt4-ihes-example-collect	2026-07-31T12:51:14.397Z	019fb83a-a897-7449-8e90-277efb7f2b19	run-39acc073c64048f6ab0ee42991a7f3ec	a1db0e6d9bb5458c8a842b37dfa99572d3025667	results/v1/cayleypy-ihes-cube/cayleypy-72-18-8d89ca84c2a630e5/1/2026-07-31/019fb83a-a897-7449-8e90-277efb7f2b19.json
'-d2.r1.-d1.-r1.d2.r1.d1.-r1	8	1	original	public-example-cayleypy-2xt4-ihes-example-collect	2026-07-31T12:51:14.322Z	019fb83a-a897-76f6-8cbc-bbe882985bac	run-39acc073c64048f6ab0ee42991a7f3ec	a1db0e6d9bb5458c8a842b37dfa99572d3025667	results/v1/cayleypy-ihes-cube/cayleypy-72-18-8d89ca84c2a630e5/1/2026-07-31/019fb83a-a897-76f6-8cbc-bbe882985bac.json
f1.d1.-f2.-d1.-f1.d1.f2.-d1	8	1	original	public-example-cayleypy-2xt4-ihes-example-collect	2026-07-31T12:51:14.379Z	019fb83a-a897-783f-9ef6-555e67b225f1	run-39acc073c64048f6ab0ee42991a7f3ec	a1db0e6d9bb5458c8a842b37dfa99572d3025667	results/v1/cayleypy-ihes-cube/cayleypy-72-18-8d89ca84c2a630e5/1/2026-07-31/019fb83a-a897-783f-9ef6-555e67b225f1.json
'-r1.-f2.r1.-f1.-r1.f2.r1.f1	8	1	original	public-example-cayleypy-2xt4-ihes-example-collect	2026-07-31T12:51:14.340Z	019fb83a-a897-7c18-b8a8-7b903c8aafcd	run-39acc073c64048f6ab0ee42991a7f3ec	a1db0e6d9bb5458c8a842b37dfa99572d3025667	results/v1/cayleypy-ihes-cube/cayleypy-72-18-8d89ca84c2a630e5/1/2026-07-31/019fb83a-a897-7c18-b8a8-7b903c8aafcd.json
'-f1.r1.-f0.-r1.f1.r1.f0.-r1	8	1	original	public-example-cayleypy-2xt4-ihes-example-collect	2026-07-31T12:51:14.360Z	019fb83a-a897-7f34-a46c-4ff5a73dc9ae	run-39acc073c64048f6ab0ee42991a7f3ec	a1db0e6d9bb5458c8a842b37dfa99572d3025667	results/v1/cayleypy-ihes-cube/cayleypy-72-18-8d89ca84c2a630e5/1/2026-07-31/019fb83a-a897-7f34-a46c-4ff5a73dc9ae.json
'-d1.-f0.d1.f1.-d1.f0.d1.-f1	8	1	original	public-example-cayleypy-2xt4-ihes-example-collect	2026-07-31T12:51:14.465Z	019fb83a-afba-7848-9aad-02311d6e214e	run-39acc073c64048f6ab0ee42991a7f3ec	a1db0e6d9bb5458c8a842b37dfa99572d3025667	results/v1/cayleypy-ihes-cube/cayleypy-72-18-8d89ca84c2a630e5/1/2026-07-31/019fb83a-afba-7848-9aad-02311d6e214e.json
d1.f2.-d1.f1.d1.-f2.-d1.-f1	8	1	original	public-example-cayleypy-2xt4-ihes-example-collect	2026-07-31T12:51:14.448Z	019fb83a-afba-79ca-9d15-dfee33f01d9e	run-39acc073c64048f6ab0ee42991a7f3ec	a1db0e6d9bb5458c8a842b37dfa99572d3025667	results/v1/cayleypy-ihes-cube/cayleypy-72-18-8d89ca84c2a630e5/1/2026-07-31/019fb83a-afba-79ca-9d15-dfee33f01d9e.json
'-d1.r1.d1.-r2.-d1.-r1.d1.r2	8	1	original	public-example-cayleypy-2xt4-ihes-example-collect	2026-07-31T12:51:14.430Z	019fb83a-afba-7b2c-b743-c6d975c0967f	run-39acc073c64048f6ab0ee42991a7f3ec	a1db0e6d9bb5458c8a842b37dfa99572d3025667	results/v1/cayleypy-ihes-cube/cayleypy-72-18-8d89ca84c2a630e5/1/2026-07-31/019fb83a-afba-7b2c-b743-c6d975c0967f.json
r1.-d1.-r1.d2.r1.d1.-r1.-d2	8	1	original	public-example-cayleypy-2xt4-ihes-example	2026-07-31T13:28:32.667Z	019fb85c-bd63-70b8-94b7-42725535555a	run-51f32b81de2542529d5c7cd5c97a5c2c	a1db0e6d9bb5458c8a842b37dfa99572d3025667	results/v1/cayleypy-ihes-cube/cayleypy-72-18-8d89ca84c2a630e5/1/2026-07-31/019fb85c-bd63-70b8-94b7-42725535555a.json
r1.-d1.-r1.d2.r1.d1.-r1.-d2	8	1	original	public-example-cayleypy-2xt4-ihes-example	2026-07-31T14:19:39.374Z	019fb88b-88aa-760a-a8d3-773281395870	run-c3c3612ba9cc4b559230abcf19b549b6	a1db0e6d9bb5458c8a842b37dfa99572d3025667	results/v1/cayleypy-ihes-cube/cayleypy-72-18-8d89ca84c2a630e5/1/2026-07-31/019fb88b-88aa-760a-a8d3-773281395870.json
r1.-d1.-r1.d2.r1.d1.-r1.-d2	8	1	original	public-example-cayleypy-2xt4-ihes-example	2026-07-31T14:58:07.225Z	019fb8ae-c01a-7b7a-bd7e-65ed0bda1b83	run-07f997f6583f4766be9095e3902d4ffe	a1db0e6d9bb5458c8a842b37dfa99572d3025667	results/v1/cayleypy-ihes-cube/cayleypy-72-18-8d89ca84c2a630e5/1/2026-07-31/019fb8ae-c01a-7b7a-bd7e-65ed0bda1b83.json
r1.-d1.-r1.d2.r1.d1.-r1.-d2	8	1	original	public-example-cayleypy-2xt4-ihes-example	2026-07-31T15:03:15.507Z	019fb8b3-7374-7999-b7ab-ad31afab2508	run-7bc5084093464da5978d3feb93b7b3a7	a1db0e6d9bb5458c8a842b37dfa99572d3025667	results/v1/cayleypy-ihes-cube/cayleypy-72-18-8d89ca84c2a630e5/1/2026-07-31/019fb8b3-7374-7999-b7ab-ad31afab2508.json
r1.-d1.-r1.d2.r1.d1.-r1.-d2	8	1	original	public-example-cayleypy-2xt4-ihes-example	2026-07-31T15:24:15.763Z	019fb8c6-ae44-79f8-9ea0-304af4d521f3	run-73c47f923cd147cb8e1f5ca08f479e71	a1db0e6d9bb5458c8a842b37dfa99572d3025667	results/v1/cayleypy-ihes-cube/cayleypy-72-18-8d89ca84c2a630e5/1/2026-07-31/019fb8c6-ae44-79f8-9ea0-304af4d521f3.json
r1.-d1.-r1.d2.r1.d1.-r1.-d2	8	1	original	public-example-cayleypy-2xt4-ihes-example	2026-08-01T09:07:36.283Z	019fbc94-3486-7f53-b168-d59808fb5c39	run-21fc17a49dfc44a79b46badba9c504c2	6d4471c4ab03c528fd7ce1e15c0cc9db11774833	results/v1/cayleypy-ihes-cube/cayleypy-72-18-8d89ca84c2a630e5/1/2026-08-01/019fbc94-3486-7f53-b168-d59808fb5c39.json
r1.-d1.-r1.d2.r1.d1.-r1.-d2	8	1	original	public-example-cayleypy-2xt4-ihes-example	2026-08-01T09:42:41.822Z	019fbcb4-546d-7309-b701-0f87b42f40c8	run-6a0f075853394e4187099df97d9a7183	039a4fb9c699bda644efbb0f8ee7a5b51efbb5d2	results/v1/cayleypy-ihes-cube/cayleypy-72-18-8d89ca84c2a630e5/1/2026-08-01/019fbcb4-546d-7309-b701-0f87b42f40c8.json
r1.-d1.-r1.d2.r1.d1.-r1.-f0.f0.-d2	10	1	original	public-example-cayleypy-2xt4-ihes-example-collect	2026-07-31T12:51:14.482Z	019fb83a-afba-7413-9b8a-1b36a503e744	run-39acc073c64048f6ab0ee42991a7f3ec	a1db0e6d9bb5458c8a842b37dfa99572d3025667	results/v1/cayleypy-ihes-cube/cayleypy-72-18-8d89ca84c2a630e5/1/2026-07-31/019fb83a-afba-7413-9b8a-1b36a503e744.json
f2.r1.-d1.-r1.d2.r1.d1.-r1.-d2.-f2	10	1	original	public-example-cayleypy-2xt4-ihes-example-collect	2026-07-31T12:51:14.499Z	019fb83a-afba-7550-a6ce-7b9baa1cda56	run-39acc073c64048f6ab0ee42991a7f3ec	a1db0e6d9bb5458c8a842b37dfa99572d3025667	results/v1/cayleypy-ihes-cube/cayleypy-72-18-8d89ca84c2a630e5/1/2026-07-31/019fb83a-afba-7550-a6ce-7b9baa1cda56.json
r0.d1.f2.-d1.f1.d1.-f2.-d1.-f1.-r0	10	1	original	public-example-cayleypy-2xt4-ihes-example-collect	2026-07-31T12:51:14.516Z	019fb83a-afbf-755e-bded-5a538985fb60	run-39acc073c64048f6ab0ee42991a7f3ec	a1db0e6d9bb5458c8a842b37dfa99572d3025667	results/v1/cayleypy-ihes-cube/cayleypy-72-18-8d89ca84c2a630e5/1/2026-07-31/019fb83a-afbf-755e-bded-5a538985fb60.json
d2.f1.d1.-f2.-d1.-f1.d1.f2.-d1.-d2	10	1	original	public-example-cayleypy-2xt4-ihes-example-collect	2026-07-31T12:51:14.533Z	019fb83a-afcf-7028-a237-ae851ee907d5	run-39acc073c64048f6ab0ee42991a7f3ec	a1db0e6d9bb5458c8a842b37dfa99572d3025667	results/v1/cayleypy-ihes-cube/cayleypy-72-18-8d89ca84c2a630e5/1/2026-07-31/019fb83a-afcf-7028-a237-ae851ee907d5.json
f2.r2.d1.-r1.-d1.-r2.d1.r1.-d1.-f2	10	1	original	public-example-cayleypy-2xt4-ihes-example-collect	2026-07-31T12:51:14.551Z	019fb83a-afd5-7d9a-85e2-0f18a879150f	run-39acc073c64048f6ab0ee42991a7f3ec	a1db0e6d9bb5458c8a842b37dfa99572d3025667	results/v1/cayleypy-ihes-cube/cayleypy-72-18-8d89ca84c2a630e5/1/2026-07-31/019fb83a-afd5-7d9a-85e2-0f18a879150f.json
r0.f1.-d1.f0.d1.-f1.-d1.-f0.d1.-r0	10	1	original	public-example-cayleypy-2xt4-ihes-example-collect	2026-07-31T12:51:14.568Z	019fb83a-b365-7a8f-a57f-0265fe5061b5	run-39acc073c64048f6ab0ee42991a7f3ec	a1db0e6d9bb5458c8a842b37dfa99572d3025667	results/v1/cayleypy-ihes-cube/cayleypy-72-18-8d89ca84c2a630e5/1/2026-07-31/019fb83a-b365-7a8f-a57f-0265fe5061b5.json
'-r1.-f2.r1.-f1.-r1.f2.r1.d1.-d1.f1	10	1	original	public-example-cayleypy-2xt4-ihes-example-collect	2026-07-31T12:51:14.603Z	019fb83a-b36f-7795-914b-a178a2e55f92	run-39acc073c64048f6ab0ee42991a7f3ec	a1db0e6d9bb5458c8a842b37dfa99572d3025667	results/v1/cayleypy-ihes-cube/cayleypy-72-18-8d89ca84c2a630e5/1/2026-07-31/019fb83a-b36f-7795-914b-a178a2e55f92.json
'-d2.r1.-d1.-r1.d2.r1.d0.d1.-d0.-r1	10	1	original	public-example-cayleypy-2xt4-ihes-example-collect	2026-07-31T12:51:14.585Z	019fb83a-b370-7105-8f79-e8d7aafc8127	run-39acc073c64048f6ab0ee42991a7f3ec	a1db0e6d9bb5458c8a842b37dfa99572d3025667	results/v1/cayleypy-ihes-cube/cayleypy-72-18-8d89ca84c2a630e5/1/2026-07-31/019fb83a-b370-7105-8f79-e8d7aafc8127.json
r2.-d2.r1.-d1.-r1.d2.-r0.-r2.f1.r0	10	1	original	public-example-cayleypy-2xt4-ihes-example-collect	2026-07-31T12:51:14.621Z	019fb83a-b370-770a-bfa8-b98d48372c92	run-39acc073c64048f6ab0ee42991a7f3ec	a1db0e6d9bb5458c8a842b37dfa99572d3025667	results/v1/cayleypy-ihes-cube/cayleypy-72-18-8d89ca84c2a630e5/1/2026-07-31/019fb83a-b370-770a-bfa8-b98d48372c92.json
r1.f1.-d0.-f1.d1.f1.d0.-f1.-d1.-r1	10	1	original	public-example-cayleypy-2xt4-ihes-example-collect	2026-07-31T12:51:14.640Z	019fb83a-b38f-7359-a124-ed075e1ae4f0	run-39acc073c64048f6ab0ee42991a7f3ec	a1db0e6d9bb5458c8a842b37dfa99572d3025667	results/v1/cayleypy-ihes-cube/cayleypy-72-18-8d89ca84c2a630e5/1/2026-07-31/019fb83a-b38f-7359-a124-ed075e1ae4f0.json
r1.-f1.-r1.-d2.r1.f1.-r1.-f1.d2.f1	10	1	original	public-example-cayleypy-2xt4-ihes-example-collect	2026-07-31T12:51:14.658Z	019fb83a-b39c-7463-ab59-2ad795613a0e	run-39acc073c64048f6ab0ee42991a7f3ec	a1db0e6d9bb5458c8a842b37dfa99572d3025667	results/v1/cayleypy-ihes-cube/cayleypy-72-18-8d89ca84c2a630e5/1/2026-07-31/019fb83a-b39c-7463-ab59-2ad795613a0e.json
'-d2.r1.-d1.-r1.d2.r1.d1.-r0.-r1.r0	10	1	original	public-example-cayleypy-2xt4-ihes-example-collect	2026-07-31T12:51:14.676Z	019fb83a-b6a8-7af8-ae54-96d63b50024e	run-39acc073c64048f6ab0ee42991a7f3ec	a1db0e6d9bb5458c8a842b37dfa99572d3025667	results/v1/cayleypy-ihes-cube/cayleypy-72-18-8d89ca84c2a630e5/1/2026-07-31/019fb83a-b6a8-7af8-ae54-96d63b50024e.json
f1.d1.-f2.-d1.-f1.d1.r0.-r0.f2.-d1	10	1	original	public-example-cayleypy-2xt4-ihes-example-collect	2026-07-31T12:51:14.694Z	019fb83a-b6ab-7fbf-a255-ea4dc1b451a7	run-39acc073c64048f6ab0ee42991a7f3ec	a1db0e6d9bb5458c8a842b37dfa99572d3025667	results/v1/cayleypy-ihes-cube/cayleypy-72-18-8d89ca84c2a630e5/1/2026-07-31/019fb83a-b6ab-7fbf-a255-ea4dc1b451a7.json
'-d2.-r1.-d2.-d0.-f1.d2.f1.d2.d0.r1	10	1	original	public-example-cayleypy-2xt4-ihes-example-collect	2026-07-31T12:51:14.766Z	019fb83a-b75b-7126-8a63-8238eac114b5	run-39acc073c64048f6ab0ee42991a7f3ec	a1db0e6d9bb5458c8a842b37dfa99572d3025667	results/v1/cayleypy-ihes-cube/cayleypy-72-18-8d89ca84c2a630e5/1/2026-07-31/019fb83a-b75b-7126-8a63-8238eac114b5.json
d2.f1.d1.-f2.-d1.-f1.d1.f2.-d2.-d1	10	1	original	public-example-cayleypy-2xt4-ihes-example-collect	2026-07-31T12:51:14.730Z	019fb83a-b75b-765e-8e66-708944902c91	run-39acc073c64048f6ab0ee42991a7f3ec	a1db0e6d9bb5458c8a842b37dfa99572d3025667	results/v1/cayleypy-ihes-cube/cayleypy-72-18-8d89ca84c2a630e5/1/2026-07-31/019fb83a-b75b-765e-8e66-708944902c91.json
d2.r2.d1.-r1.-d1.-r2.-d2.-d0.-f1.d0	10	1	original	public-example-cayleypy-2xt4-ihes-example-collect	2026-07-31T12:51:14.712Z	019fb83a-b75b-7ba9-973a-5882912801d9	run-39acc073c64048f6ab0ee42991a7f3ec	a1db0e6d9bb5458c8a842b37dfa99572d3025667	results/v1/cayleypy-ihes-cube/cayleypy-72-18-8d89ca84c2a630e5/1/2026-07-31/019fb83a-b75b-7ba9-973a-5882912801d9.json
'-d0.f1.-d1.f0.d1.-f1.-d1.-f0.d1.d0	10	1	original	public-example-cayleypy-2xt4-ihes-example-collect	2026-07-31T12:51:14.748Z	019fb83a-b75b-7bbf-b4fb-3065d75c0672	run-39acc073c64048f6ab0ee42991a7f3ec	a1db0e6d9bb5458c8a842b37dfa99572d3025667	results/v1/cayleypy-ihes-cube/cayleypy-72-18-8d89ca84c2a630e5/1/2026-07-31/019fb83a-b75b-7bbf-b4fb-3065d75c0672.json
d0.-r1.-f2.r1.-f1.-r1.f2.r1.f1.-d0	10	1	original	public-example-cayleypy-2xt4-ihes-example-collect	2026-07-31T12:51:14.801Z	019fb83a-b75f-7610-b9a1-7e15531b600d	run-39acc073c64048f6ab0ee42991a7f3ec	a1db0e6d9bb5458c8a842b37dfa99572d3025667	results/v1/cayleypy-ihes-cube/cayleypy-72-18-8d89ca84c2a630e5/1/2026-07-31/019fb83a-b75f-7610-b9a1-7e15531b600d.json
'-d2.-r1.d1.r1.d2.f2.-f2.-r1.-d1.r1	10	1	original	public-example-cayleypy-2xt4-ihes-example-collect	2026-07-31T12:51:14.784Z	019fb83a-b760-71b6-9312-dba9f1355960	run-39acc073c64048f6ab0ee42991a7f3ec	a1db0e6d9bb5458c8a842b37dfa99572d3025667	results/v1/cayleypy-ihes-cube/cayleypy-72-18-8d89ca84c2a630e5/1/2026-07-31/019fb83a-b760-71b6-9312-dba9f1355960.json
'-d1.-f0.d1.f1.-d1.f0.d1.-f1.d0.-d0	10	1	original	public-example-cayleypy-2xt4-ihes-example-collect	2026-07-31T12:51:14.835Z	019fb83a-babe-7093-bfb1-f04055d6d2b9	run-39acc073c64048f6ab0ee42991a7f3ec	a1db0e6d9bb5458c8a842b37dfa99572d3025667	results/v1/cayleypy-ihes-cube/cayleypy-72-18-8d89ca84c2a630e5/1/2026-07-31/019fb83a-babe-7093-bfb1-f04055d6d2b9.json
'-f0.-r1.d1.r1.d2.-r1.-d1.r1.-d2.f0	10	1	original	public-example-cayleypy-2xt4-ihes-example-collect	2026-07-31T12:51:14.818Z	019fb83a-babf-7950-b2c8-77588d499e67	run-39acc073c64048f6ab0ee42991a7f3ec	a1db0e6d9bb5458c8a842b37dfa99572d3025667	results/v1/cayleypy-ihes-cube/cayleypy-72-18-8d89ca84c2a630e5/1/2026-07-31/019fb83a-babf-7950-b2c8-77588d499e67.json
'-d1.-f0.d1.f1.-d1.f0.d1.-f1.-f0.f0	10	1	original	public-example-cayleypy-2xt4-ihes-example-collect	2026-07-31T12:51:14.852Z	019fb83a-bb66-781a-a850-33df39256db1	run-39acc073c64048f6ab0ee42991a7f3ec	a1db0e6d9bb5458c8a842b37dfa99572d3025667	results/v1/cayleypy-ihes-cube/cayleypy-72-18-8d89ca84c2a630e5/1/2026-07-31/019fb83a-bb66-781a-a850-33df39256db1.json
d1.-d2.-r1.-d1.-r2.d1.r1.-d1.r2.d2	10	1	original	public-example-cayleypy-2xt4-ihes-example-collect	2026-07-31T12:51:14.885Z	019fb83a-bb67-71b3-a0a1-c2f1b4689920	run-39acc073c64048f6ab0ee42991a7f3ec	a1db0e6d9bb5458c8a842b37dfa99572d3025667	results/v1/cayleypy-ihes-cube/cayleypy-72-18-8d89ca84c2a630e5/1/2026-07-31/019fb83a-bb67-71b3-a0a1-c2f1b4689920.json
f0.d1.f2.-d1.-f2.-f0.-r1.-f2.r1.f2	10	1	original	public-example-cayleypy-2xt4-ihes-example-collect	2026-07-31T12:51:14.869Z	019fb83a-bb67-7757-89fa-fb704748e417	run-39acc073c64048f6ab0ee42991a7f3ec	a1db0e6d9bb5458c8a842b37dfa99572d3025667	results/v1/cayleypy-ihes-cube/cayleypy-72-18-8d89ca84c2a630e5/1/2026-07-31/019fb83a-bb67-7757-89fa-fb704748e417.json
'-d1.-f0.d1.f1.-d1.f0.d1.-f1.-f2.f2	10	1	original	public-example-cayleypy-2xt4-ihes-example-collect	2026-07-31T12:51:14.902Z	019fb83a-bb67-79e5-b6fb-0cceed4373d0	run-39acc073c64048f6ab0ee42991a7f3ec	a1db0e6d9bb5458c8a842b37dfa99572d3025667	results/v1/cayleypy-ihes-cube/cayleypy-72-18-8d89ca84c2a630e5/1/2026-07-31/019fb83a-bb67-79e5-b6fb-0cceed4373d0.json
'-d1.-f0.d1.f1.-d1.f0.d1.-f1.-d2.d2	10	1	original	public-example-cayleypy-2xt4-ihes-example-collect	2026-07-31T12:51:14.918Z	019fb83a-bc09-7856-8574-0f5087c978d2	run-39acc073c64048f6ab0ee42991a7f3ec	a1db0e6d9bb5458c8a842b37dfa99572d3025667	results/v1/cayleypy-ihes-cube/cayleypy-72-18-8d89ca84c2a630e5/1/2026-07-31/019fb83a-bc09-7856-8574-0f5087c978d2.json
r2.-d1.r1.d1.-r2.-d1.d2.-d2.-r1.d1	10	1	original	public-example-cayleypy-2xt4-ihes-example-collect	2026-07-31T12:51:14.933Z	019fb83a-bc0e-71c0-a3e0-54a6e067dad0	run-39acc073c64048f6ab0ee42991a7f3ec	a1db0e6d9bb5458c8a842b37dfa99572d3025667	results/v1/cayleypy-ihes-cube/cayleypy-72-18-8d89ca84c2a630e5/1/2026-07-31/019fb83a-bc0e-71c0-a3e0-54a6e067dad0.json
r0.-d2.-r0.-r2.-f1.-r1.f2.r1.f1.r2	10	1	original	public-example-cayleypy-2xt4-ihes-example-collect	2026-07-31T12:51:14.948Z	019fb83a-be50-7c1b-93cc-ffc310a8d648	run-39acc073c64048f6ab0ee42991a7f3ec	a1db0e6d9bb5458c8a842b37dfa99572d3025667	results/v1/cayleypy-ihes-cube/cayleypy-72-18-8d89ca84c2a630e5/1/2026-07-31/019fb83a-be50-7c1b-93cc-ffc310a8d648.json
d1.f2.-d1.f1.d1.-f2.-d1.d2.-d2.-f1	10	1	original	public-example-cayleypy-2xt4-ihes-example-collect	2026-07-31T12:51:14.964Z	019fb83a-be80-7ab0-808a-be7be8438b87	run-39acc073c64048f6ab0ee42991a7f3ec	a1db0e6d9bb5458c8a842b37dfa99572d3025667	results/v1/cayleypy-ihes-cube/cayleypy-72-18-8d89ca84c2a630e5/1/2026-07-31/019fb83a-be80-7ab0-808a-be7be8438b87.json
'-d1.-f0.d1.f1.-d1.f0.d1.-f1.-d1.d1	10	1	original	public-example-cayleypy-2xt4-ihes-example-collect	2026-07-31T12:51:14.980Z	019fb83a-becf-7bc4-9ab1-31c12e36eaca	run-39acc073c64048f6ab0ee42991a7f3ec	a1db0e6d9bb5458c8a842b37dfa99572d3025667	results/v1/cayleypy-ihes-cube/cayleypy-72-18-8d89ca84c2a630e5/1/2026-07-31/019fb83a-becf-7bc4-9ab1-31c12e36eaca.json
'-d1.-f0.d1.f1.-d1.f0.d1.-f1.-r2.r2	10	1	original	public-example-cayleypy-2xt4-ihes-example-collect	2026-07-31T12:51:14.995Z	019fb83a-bed9-72aa-b20d-a186e4ebbc71	run-39acc073c64048f6ab0ee42991a7f3ec	a1db0e6d9bb5458c8a842b37dfa99572d3025667	results/v1/cayleypy-ihes-cube/cayleypy-72-18-8d89ca84c2a630e5/1/2026-07-31/019fb83a-bed9-72aa-b20d-a186e4ebbc71.json
'-d1.-f0.d1.f1.-d1.f0.d1.-f1.f1.-f1	10	1	original	public-example-cayleypy-2xt4-ihes-example-collect	2026-07-31T12:51:15.011Z	019fb83a-bedf-7788-8f9c-01787f308360	run-39acc073c64048f6ab0ee42991a7f3ec	a1db0e6d9bb5458c8a842b37dfa99572d3025667	results/v1/cayleypy-ihes-cube/cayleypy-72-18-8d89ca84c2a630e5/1/2026-07-31/019fb83a-bedf-7788-8f9c-01787f308360.json
f1.f0.-d1.f0.d1.-f1.-d1.-f0.d1.-f0	10	1	original	public-example-cayleypy-2xt4-ihes-example-collect	2026-07-31T12:51:15.026Z	019fb83a-bf9c-711c-9385-be3fbb6fc047	run-39acc073c64048f6ab0ee42991a7f3ec	a1db0e6d9bb5458c8a842b37dfa99572d3025667	results/v1/cayleypy-ihes-cube/cayleypy-72-18-8d89ca84c2a630e5/1/2026-07-31/019fb83a-bf9c-711c-9385-be3fbb6fc047.json
'-r0.-f1.-r1.f2.r1.f1.r2.r0.-d2.-r2	10	1	original	public-example-cayleypy-2xt4-ihes-example-collect	2026-07-31T12:51:15.042Z	019fb83a-c01a-7967-9e17-81cdd94b0e6c	run-39acc073c64048f6ab0ee42991a7f3ec	a1db0e6d9bb5458c8a842b37dfa99572d3025667	results/v1/cayleypy-ihes-cube/cayleypy-72-18-8d89ca84c2a630e5/1/2026-07-31/019fb83a-c01a-7967-9e17-81cdd94b0e6c.json
'-d1.-f0.d1.f1.-d1.f0.d1.-f1.f0.-f0	10	1	original	public-example-cayleypy-2xt4-ihes-example-collect	2026-07-31T12:51:15.058Z	019fb83a-c01b-7bc5-889f-34fee6258a20	run-39acc073c64048f6ab0ee42991a7f3ec	a1db0e6d9bb5458c8a842b37dfa99572d3025667	results/v1/cayleypy-ihes-cube/cayleypy-72-18-8d89ca84c2a630e5/1/2026-07-31/019fb83a-c01b-7bc5-889f-34fee6258a20.json
r2.-d2.-r1.d1.r1.d2.-r1.-d1.r1.-r2	10	1	original	public-example-cayleypy-2xt4-ihes-example-collect	2026-07-31T12:51:15.074Z	019fb83a-c2bc-73bd-ac86-8dfc00bdcbe5	run-39acc073c64048f6ab0ee42991a7f3ec	a1db0e6d9bb5458c8a842b37dfa99572d3025667	results/v1/cayleypy-ihes-cube/cayleypy-72-18-8d89ca84c2a630e5/1/2026-07-31/019fb83a-c2bc-73bd-ac86-8dfc00bdcbe5.json
r1.-d1.-r1.d2.r1.d1.-r1.-f0.-f0.f0.f0.-d2	12	1	original	public-example-cayleypy-2xt4-ihes-example-collect	2026-07-31T12:51:15.089Z	019fb83a-c2cb-79d5-a4bd-e80cf4a62949	run-39acc073c64048f6ab0ee42991a7f3ec	a1db0e6d9bb5458c8a842b37dfa99572d3025667	results/v1/cayleypy-ihes-cube/cayleypy-72-18-8d89ca84c2a630e5/1/2026-07-31/019fb83a-c2cb-79d5-a4bd-e80cf4a62949.json
'-r1.-f1.r1.f1.-r2.-f1.r2.r0.d0.d1.-d0.-r0	12	1	original	public-example-cayleypy-2xt4-ihes-example-collect	2026-07-31T12:51:15.120Z	019fb83a-c2cd-7416-98d4-5350b371a898	run-39acc073c64048f6ab0ee42991a7f3ec	a1db0e6d9bb5458c8a842b37dfa99572d3025667	results/v1/cayleypy-ihes-cube/cayleypy-72-18-8d89ca84c2a630e5/1/2026-07-31/019fb83a-c2cd-7416-98d4-5350b371a898.json
f2.r1.-d1.-r1.d2.r1.d1.-r1.-d2.-f0.f0.-f2	12	1	original	public-example-cayleypy-2xt4-ihes-example-collect	2026-07-31T12:51:15.104Z	019fb83a-c2cd-7fb0-9068-e07f4e9f283b	run-39acc073c64048f6ab0ee42991a7f3ec	a1db0e6d9bb5458c8a842b37dfa99572d3025667	results/v1/cayleypy-ihes-cube/cayleypy-72-18-8d89ca84c2a630e5/1/2026-07-31/019fb83a-c2cd-7fb0-9068-e07f4e9f283b.json
'-d0.f1.-d1.f0.d1.-f1.-d1.-f0.d1.d2.d0.-d2	12	1	original	public-example-cayleypy-2xt4-ihes-example-collect	2026-07-31T12:51:15.135Z	019fb83a-c2ee-7ad0-a7d3-445b32698c34	run-39acc073c64048f6ab0ee42991a7f3ec	a1db0e6d9bb5458c8a842b37dfa99572d3025667	results/v1/cayleypy-ihes-cube/cayleypy-72-18-8d89ca84c2a630e5/1/2026-07-31/019fb83a-c2ee-7ad0-a7d3-445b32698c34.json
f2.-f1.-r1.f2.r1.f1.-r1.-f2.r0.-r0.r1.-f2	12	1	original	public-example-cayleypy-2xt4-ihes-example-collect	2026-07-31T12:51:15.151Z	019fb83a-c2fc-78f9-b3e2-4d2dbb5b85b4	run-39acc073c64048f6ab0ee42991a7f3ec	a1db0e6d9bb5458c8a842b37dfa99572d3025667	results/v1/cayleypy-ihes-cube/cayleypy-72-18-8d89ca84c2a630e5/1/2026-07-31/019fb83a-c2fc-78f9-b3e2-4d2dbb5b85b4.json
r0.-d1.-f0.d1.f1.-d1.-f1.-f2.-r1.f2.f0.-r0	12	1	original	public-example-cayleypy-2xt4-ihes-example-collect	2026-07-31T12:51:15.166Z	019fb83a-c3e1-7d09-a2df-5a50b78f5a14	run-39acc073c64048f6ab0ee42991a7f3ec	a1db0e6d9bb5458c8a842b37dfa99572d3025667	results/v1/cayleypy-ihes-cube/cayleypy-72-18-8d89ca84c2a630e5/1/2026-07-31/019fb83a-c3e1-7d09-a2df-5a50b78f5a14.json
'-d2.r1.-d1.-r1.d2.r1.d0.d1.-f0.f0.-d0.-r1	12	1	original	public-example-cayleypy-2xt4-ihes-example-collect	2026-07-31T12:51:15.182Z	019fb83a-c3e8-7019-b255-f4ee74267ad4	run-39acc073c64048f6ab0ee42991a7f3ec	a1db0e6d9bb5458c8a842b37dfa99572d3025667	results/v1/cayleypy-ihes-cube/cayleypy-72-18-8d89ca84c2a630e5/1/2026-07-31/019fb83a-c3e8-7019-b255-f4ee74267ad4.json
'-r1.-f2.r1.-f1.-r1.f2.r1.d1.f2.-f2.-d1.f1	12	1	original	public-example-cayleypy-2xt4-ihes-example-collect	2026-07-31T12:51:15.197Z	019fb83a-c66a-7b8f-8ee8-fc1a63d44ca4	run-39acc073c64048f6ab0ee42991a7f3ec	a1db0e6d9bb5458c8a842b37dfa99572d3025667	results/v1/cayleypy-ihes-cube/cayleypy-72-18-8d89ca84c2a630e5/1/2026-07-31/019fb83a-c66a-7b8f-8ee8-fc1a63d44ca4.json
r2.-d2.r1.-d1.-r1.d2.-r0.-r2.-r0.r0.f1.r0	12	1	original	public-example-cayleypy-2xt4-ihes-example-collect	2026-07-31T12:51:15.214Z	019fb83a-c6af-7b93-8ddb-50c36bb243b2	run-39acc073c64048f6ab0ee42991a7f3ec	a1db0e6d9bb5458c8a842b37dfa99572d3025667	results/v1/cayleypy-ihes-cube/cayleypy-72-18-8d89ca84c2a630e5/1/2026-07-31/019fb83a-c6af-7b93-8ddb-50c36bb243b2.json
r2.-r0.-d1.r1.d1.-r2.-d1.r2.r0.-f1.-r2.-r1	12	1	original	public-example-cayleypy-2xt4-ihes-example-collect	2026-07-31T12:51:15.230Z	019fb83a-c6de-72b5-b64a-67a8dde14bd5	run-39acc073c64048f6ab0ee42991a7f3ec	a1db0e6d9bb5458c8a842b37dfa99572d3025667	results/v1/cayleypy-ihes-cube/cayleypy-72-18-8d89ca84c2a630e5/1/2026-07-31/019fb83a-c6de-72b5-b64a-67a8dde14bd5.json
'-d1.r1.-f1.-r1.-d2.r1.f1.-r1.d1.-f1.d2.f1	12	1	original	public-example-cayleypy-2xt4-ihes-example-collect	2026-07-31T12:51:15.246Z	019fb83a-c6de-732d-8fb8-f9576a055d28	run-39acc073c64048f6ab0ee42991a7f3ec	a1db0e6d9bb5458c8a842b37dfa99572d3025667	results/v1/cayleypy-ihes-cube/cayleypy-72-18-8d89ca84c2a630e5/1/2026-07-31/019fb83a-c6de-732d-8fb8-f9576a055d28.json
'-r0.f1.-d1.f0.d1.-f1.-d1.-f0.-d0.d1.d0.r0	12	1	original	public-example-cayleypy-2xt4-ihes-example-collect	2026-07-31T12:51:15.262Z	019fb83a-c726-7a3d-80a8-5d19a1da8ff9	run-39acc073c64048f6ab0ee42991a7f3ec	a1db0e6d9bb5458c8a842b37dfa99572d3025667	results/v1/cayleypy-ihes-cube/cayleypy-72-18-8d89ca84c2a630e5/1/2026-07-31/019fb83a-c726-7a3d-80a8-5d19a1da8ff9.json
f1.d1.-f2.-d1.-f1.d1.-r1.-d2.d2.r1.f2.-d1	12	1	original	public-example-cayleypy-2xt4-ihes-example-collect	2026-07-31T12:51:15.277Z	019fb83a-c749-71f6-89da-09f1b401ef14	run-39acc073c64048f6ab0ee42991a7f3ec	a1db0e6d9bb5458c8a842b37dfa99572d3025667	results/v1/cayleypy-ihes-cube/cayleypy-72-18-8d89ca84c2a630e5/1/2026-07-31/019fb83a-c749-71f6-89da-09f1b401ef14.json
d0.f1.-d1.f0.d1.-f1.-d1.-f0.d0.d1.d0.d0	12	1	original	public-example-cayleypy-2xt4-ihes-example-collect	2026-07-31T12:51:15.293Z	019fb83a-c7f1-706c-a2f7-c14f7895a45a	run-39acc073c64048f6ab0ee42991a7f3ec	a1db0e6d9bb5458c8a842b37dfa99572d3025667	results/v1/cayleypy-ihes-cube/cayleypy-72-18-8d89ca84c2a630e5/1/2026-07-31/019fb83a-c7f1-706c-a2f7-c14f7895a45a.json
d2.f1.d1.-f2.-d1.-f1.d1.f2.r1.-r1.-d2.-d1	12	1	original	public-example-cayleypy-2xt4-ihes-example-collect	2026-07-31T12:51:15.308Z	019fb83a-c9fe-74ed-a334-90f81f656d4e	run-39acc073c64048f6ab0ee42991a7f3ec	a1db0e6d9bb5458c8a842b37dfa99572d3025667	results/v1/cayleypy-ihes-cube/cayleypy-72-18-8d89ca84c2a630e5/1/2026-07-31/019fb83a-c9fe-74ed-a334-90f81f656d4e.json
'-d0.f1.-d1.f0.d1.-f1.-d1.-f0.d1.r2.-r2.d0	12	1	original	public-example-cayleypy-2xt4-ihes-example-collect	2026-07-31T12:51:15.323Z	019fb83a-ca0e-7479-9000-0af32979074c	run-39acc073c64048f6ab0ee42991a7f3ec	a1db0e6d9bb5458c8a842b37dfa99572d3025667	results/v1/cayleypy-ihes-cube/cayleypy-72-18-8d89ca84c2a630e5/1/2026-07-31/019fb83a-ca0e-7479-9000-0af32979074c.json
'-d2.-r1.-d2.-d0.-f1.d2.f1.f0.-f0.d2.d0.r1	12	1	original	public-example-cayleypy-2xt4-ihes-example-collect	2026-07-31T12:51:15.338Z	019fb83a-ca60-7218-a48c-05d5da410e52	run-39acc073c64048f6ab0ee42991a7f3ec	a1db0e6d9bb5458c8a842b37dfa99572d3025667	results/v1/cayleypy-ihes-cube/cayleypy-72-18-8d89ca84c2a630e5/1/2026-07-31/019fb83a-ca60-7218-a48c-05d5da410e52.json
'-d2.-r1.d1.r1.d2.f2.-f2.f2.-f2.-r1.-d1.r1	12	1	original	public-example-cayleypy-2xt4-ihes-example-collect	2026-07-31T12:51:15.354Z	019fb83a-ca75-751b-b2a9-077a4d789c39	run-39acc073c64048f6ab0ee42991a7f3ec	a1db0e6d9bb5458c8a842b37dfa99572d3025667	results/v1/cayleypy-ihes-cube/cayleypy-72-18-8d89ca84c2a630e5/1/2026-07-31/019fb83a-ca75-751b-b2a9-077a4d789c39.json
d0.-r1.-f2.r1.-f1.-r1.f2.r1.f1.-f2.f2.-d0	12	1	original	public-example-cayleypy-2xt4-ihes-example-collect	2026-07-31T12:51:15.369Z	019fb83a-ca7f-7afa-b534-b9570a4fa86d	run-39acc073c64048f6ab0ee42991a7f3ec	a1db0e6d9bb5458c8a842b37dfa99572d3025667	results/v1/cayleypy-ihes-cube/cayleypy-72-18-8d89ca84c2a630e5/1/2026-07-31/019fb83a-ca7f-7afa-b534-b9570a4fa86d.json
'-f0.-r1.d1.r1.d2.-r1.-d1.r1.-d2.-r0.r0.f0	12	1	original	public-example-cayleypy-2xt4-ihes-example-collect	2026-07-31T12:51:15.384Z	019fb83a-caaf-76ef-aeb4-17f504d758b5	run-39acc073c64048f6ab0ee42991a7f3ec	a1db0e6d9bb5458c8a842b37dfa99572d3025667	results/v1/cayleypy-ihes-cube/cayleypy-72-18-8d89ca84c2a630e5/1/2026-07-31/019fb83a-caaf-76ef-aeb4-17f504d758b5.json
'-d1.-f0.d1.f1.-d1.f0.d1.-f1.-r2.r2.d0.-d0	12	1	original	public-example-cayleypy-2xt4-ihes-example-collect	2026-07-31T12:51:15.400Z	019fb83a-caf0-7797-b413-23ede633524a	run-39acc073c64048f6ab0ee42991a7f3ec	a1db0e6d9bb5458c8a842b37dfa99572d3025667	results/v1/cayleypy-ihes-cube/cayleypy-72-18-8d89ca84c2a630e5/1/2026-07-31/019fb83a-caf0-7797-b413-23ede633524a.json
'-d1.-f0.d1.f1.-d1.f0.d1.-f1.-r2.r2.-f0.f0	12	1	original	public-example-cayleypy-2xt4-ihes-example-collect	2026-07-31T12:51:15.414Z	019fb83a-cd51-7d83-90bf-6eea887a6c73	run-39acc073c64048f6ab0ee42991a7f3ec	a1db0e6d9bb5458c8a842b37dfa99572d3025667	results/v1/cayleypy-ihes-cube/cayleypy-72-18-8d89ca84c2a630e5/1/2026-07-31/019fb83a-cd51-7d83-90bf-6eea887a6c73.json
f0.-d1.-f0.d1.f1.-d1.-f1.-f2.r2.-r1.-r2.f2	12	1	original	public-example-cayleypy-2xt4-ihes-example-collect	2026-07-31T12:51:15.428Z	019fb83a-cd8b-7918-b9cc-c3a8ca04dfc4	run-39acc073c64048f6ab0ee42991a7f3ec	a1db0e6d9bb5458c8a842b37dfa99572d3025667	results/v1/cayleypy-ihes-cube/cayleypy-72-18-8d89ca84c2a630e5/1/2026-07-31/019fb83a-cd8b-7918-b9cc-c3a8ca04dfc4.json
'-d2.f0.-r1.d1.r1.d2.-r1.-d1.r1.-d2.-f0.d2	12	1	original	public-example-cayleypy-2xt4-ihes-example-collect	2026-07-31T12:51:15.442Z	019fb83a-cdb1-7576-9bce-1c48788640a7	run-39acc073c64048f6ab0ee42991a7f3ec	a1db0e6d9bb5458c8a842b37dfa99572d3025667	results/v1/cayleypy-ihes-cube/cayleypy-72-18-8d89ca84c2a630e5/1/2026-07-31/019fb83a-cdb1-7576-9bce-1c48788640a7.json
'-d1.-f0.d1.f1.-d1.f0.d1.-f1.-r2.r2.-f2.f2	12	1	original	public-example-cayleypy-2xt4-ihes-example-collect	2026-07-31T12:51:15.456Z	019fb83a-ce1a-70d3-8dab-76e1a0ce1a50	run-39acc073c64048f6ab0ee42991a7f3ec	a1db0e6d9bb5458c8a842b37dfa99572d3025667	results/v1/cayleypy-ihes-cube/cayleypy-72-18-8d89ca84c2a630e5/1/2026-07-31/019fb83a-ce1a-70d3-8dab-76e1a0ce1a50.json
'-d1.-f0.d1.f1.-d1.f0.d1.-f1.-r2.r2.-d2.d2	12	1	original	public-example-cayleypy-2xt4-ihes-example-collect	2026-07-31T12:51:15.471Z	019fb83a-ce1a-7c96-a471-f91a360836f8	run-39acc073c64048f6ab0ee42991a7f3ec	a1db0e6d9bb5458c8a842b37dfa99572d3025667	results/v1/cayleypy-ihes-cube/cayleypy-72-18-8d89ca84c2a630e5/1/2026-07-31/019fb83a-ce1a-7c96-a471-f91a360836f8.json
r2.-d1.r1.d1.-r2.-d1.d2.-f0.f0.-d2.-r1.d1	12	1	original	public-example-cayleypy-2xt4-ihes-example-collect	2026-07-31T12:51:15.486Z	019fb83a-ce24-7a84-bba7-58a47e230ded	run-39acc073c64048f6ab0ee42991a7f3ec	a1db0e6d9bb5458c8a842b37dfa99572d3025667	results/v1/cayleypy-ihes-cube/cayleypy-72-18-8d89ca84c2a630e5/1/2026-07-31/019fb83a-ce24-7a84-bba7-58a47e230ded.json
r0.-d2.-r0.-r2.-f1.-r1.f2.r1.f2.-f2.f1.r2	12	1	original	public-example-cayleypy-2xt4-ihes-example-collect	2026-07-31T12:51:15.501Z	019fb83a-ce53-76fe-85f1-006b2ee2c01d	run-39acc073c64048f6ab0ee42991a7f3ec	a1db0e6d9bb5458c8a842b37dfa99572d3025667	results/v1/cayleypy-ihes-cube/cayleypy-72-18-8d89ca84c2a630e5/1/2026-07-31/019fb83a-ce53-76fe-85f1-006b2ee2c01d.json
d1.f2.-d1.f1.d1.-f2.-d1.d2.f0.-f0.-d2.-f1	12	1	original	public-example-cayleypy-2xt4-ihes-example-collect	2026-07-31T12:51:15.515Z	019fb83a-cf2b-7cef-8abc-4d5061bed8a5	run-39acc073c64048f6ab0ee42991a7f3ec	a1db0e6d9bb5458c8a842b37dfa99572d3025667	results/v1/cayleypy-ihes-cube/cayleypy-72-18-8d89ca84c2a630e5/1/2026-07-31/019fb83a-cf2b-7cef-8abc-4d5061bed8a5.json
'-d1.-f0.d1.f1.-d1.f0.d1.-f1.-r2.r2.-d1.d1	12	1	original	public-example-cayleypy-2xt4-ihes-example-collect	2026-07-31T12:51:15.530Z	019fb83a-d0b2-7b19-89a9-be261e565ae8	run-39acc073c64048f6ab0ee42991a7f3ec	a1db0e6d9bb5458c8a842b37dfa99572d3025667	results/v1/cayleypy-ihes-cube/cayleypy-72-18-8d89ca84c2a630e5/1/2026-07-31/019fb83a-d0b2-7b19-89a9-be261e565ae8.json
'-d1.-f0.d1.f1.-d1.f0.d1.-f1.-r2.r2.-r2.r2	12	1	original	public-example-cayleypy-2xt4-ihes-example-collect	2026-07-31T12:51:15.544Z	019fb83a-d11a-7bd1-8824-800748caa63f	run-39acc073c64048f6ab0ee42991a7f3ec	a1db0e6d9bb5458c8a842b37dfa99572d3025667	results/v1/cayleypy-ihes-cube/cayleypy-72-18-8d89ca84c2a630e5/1/2026-07-31/019fb83a-d11a-7bd1-8824-800748caa63f.json
'-d1.-f0.d1.f1.-d1.f0.d1.-f1.-r2.r2.f1.-f1	12	1	original	public-example-cayleypy-2xt4-ihes-example-collect	2026-07-31T12:51:15.558Z	019fb83a-d12b-7bf0-82f1-90ddb89239f8	run-39acc073c64048f6ab0ee42991a7f3ec	a1db0e6d9bb5458c8a842b37dfa99572d3025667	results/v1/cayleypy-ihes-cube/cayleypy-72-18-8d89ca84c2a630e5/1/2026-07-31/019fb83a-d12b-7bf0-82f1-90ddb89239f8.json
'-f0.-d1.-f0.d1.f1.-d1.-f1.-f2.-r1.-f0.f2.-f0	12	1	original	public-example-cayleypy-2xt4-ihes-example-collect	2026-07-31T12:51:15.573Z	019fb83a-d195-7cd9-8b32-af17d2864e30	run-39acc073c64048f6ab0ee42991a7f3ec	a1db0e6d9bb5458c8a842b37dfa99572d3025667	results/v1/cayleypy-ihes-cube/cayleypy-72-18-8d89ca84c2a630e5/1/2026-07-31/019fb83a-d195-7cd9-8b32-af17d2864e30.json
r2.f0.-d1.-f0.d1.-f0.-f2.r1.f0.-r1.f2.-r2	12	1	original	public-example-cayleypy-2xt4-ihes-example-collect	2026-07-31T12:51:15.588Z	019fb83a-d1d1-7e06-bc8d-5f26d9cf2146	run-39acc073c64048f6ab0ee42991a7f3ec	a1db0e6d9bb5458c8a842b37dfa99572d3025667	results/v1/cayleypy-ihes-cube/cayleypy-72-18-8d89ca84c2a630e5/1/2026-07-31/019fb83a-d1d1-7e06-bc8d-5f26d9cf2146.json
'-d1.-f0.d1.f1.-d1.f0.d1.-f1.-r2.r2.f0.-f0	12	1	original	public-example-cayleypy-2xt4-ihes-example-collect	2026-07-31T12:51:15.602Z	019fb83a-d250-748d-a296-b0e1266d9e14	run-39acc073c64048f6ab0ee42991a7f3ec	a1db0e6d9bb5458c8a842b37dfa99572d3025667	results/v1/cayleypy-ihes-cube/cayleypy-72-18-8d89ca84c2a630e5/1/2026-07-31/019fb83a-d250-748d-a296-b0e1266d9e14.json
r2.-d2.-r1.d1.r1.d2.-r1.-d1.f1.-f1.r1.-r2	12	1	original	public-example-cayleypy-2xt4-ihes-example-collect	2026-07-31T12:51:15.617Z	019fb83a-d2c1-7203-84a6-4d885152e027	run-39acc073c64048f6ab0ee42991a7f3ec	a1db0e6d9bb5458c8a842b37dfa99572d3025667	results/v1/cayleypy-ihes-cube/cayleypy-72-18-8d89ca84c2a630e5/1/2026-07-31/019fb83a-d2c1-7203-84a6-4d885152e027.json
r1.-d1.-r1.d2.r1.d1.-r1.-f0.-f0.f0.-f0.f0.f0.-d2	14	1	original	public-example-cayleypy-2xt4-ihes-example-collect	2026-07-31T12:51:15.633Z	019fb83a-d2f6-70c1-83e0-09a44a8b82b2	run-39acc073c64048f6ab0ee42991a7f3ec	a1db0e6d9bb5458c8a842b37dfa99572d3025667	results/v1/cayleypy-ihes-cube/cayleypy-72-18-8d89ca84c2a630e5/1/2026-07-31/019fb83a-d2f6-70c1-83e0-09a44a8b82b2.json
f2.r1.-d1.-r1.d2.r1.d1.-r1.-r2.-r0.r0.r2.-d2.-f2	14	1	original	public-example-cayleypy-2xt4-ihes-example-collect	2026-07-31T12:51:15.649Z	019fb83a-d430-7397-8988-91948f8dbe99	run-39acc073c64048f6ab0ee42991a7f3ec	a1db0e6d9bb5458c8a842b37dfa99572d3025667	results/v1/cayleypy-ihes-cube/cayleypy-72-18-8d89ca84c2a630e5/1/2026-07-31/019fb83a-d430-7397-8988-91948f8dbe99.json
'-r1.-f1.r1.f1.-r2.-f1.r2.r0.d0.d1.r1.-r1.-d0.-r0	14	1	original	public-example-cayleypy-2xt4-ihes-example-collect	2026-07-31T12:51:15.664Z	019fb83a-d4bc-702b-b75b-80efd2fae834	run-39acc073c64048f6ab0ee42991a7f3ec	a1db0e6d9bb5458c8a842b37dfa99572d3025667	results/v1/cayleypy-ihes-cube/cayleypy-72-18-8d89ca84c2a630e5/1/2026-07-31/019fb83a-d4bc-702b-b75b-80efd2fae834.json
r1.-d1.-r1.d2.r1.d1.-r1.d2.-f2.-r1.r1.f2.-d2.-d2	14	1	original	public-example-cayleypy-2xt4-ihes-example-collect	2026-07-31T12:51:15.680Z	019fb83a-d4fb-7816-b0f2-14ee335b2dbb	run-39acc073c64048f6ab0ee42991a7f3ec	a1db0e6d9bb5458c8a842b37dfa99572d3025667	results/v1/cayleypy-ihes-cube/cayleypy-72-18-8d89ca84c2a630e5/1/2026-07-31/019fb83a-d4fb-7816-b0f2-14ee335b2dbb.json
f2.r2.-d1.r1.d1.-r2.-d1.r0.-r1.f2.-f2.-r0.d1.-f2	14	1	original	public-example-cayleypy-2xt4-ihes-example-collect	2026-07-31T12:51:15.696Z	019fb83a-d5c9-736a-83b5-f116c52f91e9	run-39acc073c64048f6ab0ee42991a7f3ec	a1db0e6d9bb5458c8a842b37dfa99572d3025667	results/v1/cayleypy-ihes-cube/cayleypy-72-18-8d89ca84c2a630e5/1/2026-07-31/019fb83a-d5c9-736a-83b5-f116c52f91e9.json
'-r2.-d2.r0.r2.-f1.r1.f1.f2.d1.f0.f0.-f2.f0.-r0	14	1	original	public-example-cayleypy-2xt4-ihes-example-collect	2026-07-31T12:51:15.712Z	019fb83a-d648-7400-b8fa-80f5af03c58f	run-39acc073c64048f6ab0ee42991a7f3ec	a1db0e6d9bb5458c8a842b37dfa99572d3025667	results/v1/cayleypy-ihes-cube/cayleypy-72-18-8d89ca84c2a630e5/1/2026-07-31/019fb83a-d648-7400-b8fa-80f5af03c58f.json
'-d2.r1.-d1.-r1.d2.r1.d0.d1.-f0.f0.-f0.f0.-d0.-r1	14	1	original	public-example-cayleypy-2xt4-ihes-example-collect	2026-07-31T12:51:15.728Z	019fb83a-d659-7b5c-a841-f37176c3196d	run-39acc073c64048f6ab0ee42991a7f3ec	a1db0e6d9bb5458c8a842b37dfa99572d3025667	results/v1/cayleypy-ihes-cube/cayleypy-72-18-8d89ca84c2a630e5/1/2026-07-31/019fb83a-d659-7b5c-a841-f37176c3196d.json
'-r1.-f2.r1.-f1.-r1.f2.r1.d1.f2.r2.-r2.-f2.-d1.f1	14	1	original	public-example-cayleypy-2xt4-ihes-example-collect	2026-07-31T12:51:15.744Z	019fb83a-d692-770b-82f8-299dab37f64c	run-39acc073c64048f6ab0ee42991a7f3ec	a1db0e6d9bb5458c8a842b37dfa99572d3025667	results/v1/cayleypy-ihes-cube/cayleypy-72-18-8d89ca84c2a630e5/1/2026-07-31/019fb83a-d692-770b-82f8-299dab37f64c.json
r2.-d2.r1.-d1.-r1.d2.-r0.-r2.-r0.r0.-r0.r0.f1.r0	14	1	original	public-example-cayleypy-2xt4-ihes-example-collect	2026-07-31T12:51:15.760Z	019fb83a-d6aa-7177-bfd8-b60914e1442c	run-39acc073c64048f6ab0ee42991a7f3ec	a1db0e6d9bb5458c8a842b37dfa99572d3025667	results/v1/cayleypy-ihes-cube/cayleypy-72-18-8d89ca84c2a630e5/1/2026-07-31/019fb83a-d6aa-7177-bfd8-b60914e1442c.json
r2.-r0.-d1.r1.d1.-r2.-d1.r2.r0.-f1.-f1.f1.-r2.-r1	14	1	original	public-example-cayleypy-2xt4-ihes-example-collect	2026-07-31T12:51:15.776Z	019fb83a-d7cf-75b6-9a1b-eb1bd8f6a177	run-39acc073c64048f6ab0ee42991a7f3ec	a1db0e6d9bb5458c8a842b37dfa99572d3025667	results/v1/cayleypy-ihes-cube/cayleypy-72-18-8d89ca84c2a630e5/1/2026-07-31/019fb83a-d7cf-75b6-9a1b-eb1bd8f6a177.json
'-d1.r1.-f1.-r1.-d2.r1.f1.-r1.f2.-f2.d1.-f1.d2.f1	14	1	original	public-example-cayleypy-2xt4-ihes-example-collect	2026-07-31T12:51:15.791Z	019fb83a-d839-72eb-8d9e-512564cfab04	run-39acc073c64048f6ab0ee42991a7f3ec	a1db0e6d9bb5458c8a842b37dfa99572d3025667	results/v1/cayleypy-ihes-cube/cayleypy-72-18-8d89ca84c2a630e5/1/2026-07-31/019fb83a-d839-72eb-8d9e-512564cfab04.json
r2.-d2.r1.-d1.-r1.d2.-r0.-r2.f0.f1.-r1.r1.-f0.r0	14	1	original	public-example-cayleypy-2xt4-ihes-example-collect	2026-07-31T12:51:15.805Z	019fb83a-d88c-7b3d-992a-d07b1b23eb79	run-39acc073c64048f6ab0ee42991a7f3ec	a1db0e6d9bb5458c8a842b37dfa99572d3025667	results/v1/cayleypy-ihes-cube/cayleypy-72-18-8d89ca84c2a630e5/1/2026-07-31/019fb83a-d88c-7b3d-992a-d07b1b23eb79.json
f1.d1.-f2.-d1.-f1.d1.-r1.-d2.d2.-d2.d2.r1.f2.-d1	14	1	original	public-example-cayleypy-2xt4-ihes-example-collect	2026-07-31T12:51:15.819Z	019fb83a-d973-7a08-b214-2be79cd2a394	run-39acc073c64048f6ab0ee42991a7f3ec	a1db0e6d9bb5458c8a842b37dfa99572d3025667	results/v1/cayleypy-ihes-cube/cayleypy-72-18-8d89ca84c2a630e5/1/2026-07-31/019fb83a-d973-7a08-b214-2be79cd2a394.json
d0.f1.-d1.f0.d1.-f1.-d1.-f0.d0.d1.-d1.d1.d0.d0	14	1	original	public-example-cayleypy-2xt4-ihes-example-collect	2026-07-31T12:51:15.834Z	019fb83a-d9db-7611-9392-023a9f90cba9	run-39acc073c64048f6ab0ee42991a7f3ec	a1db0e6d9bb5458c8a842b37dfa99572d3025667	results/v1/cayleypy-ihes-cube/cayleypy-72-18-8d89ca84c2a630e5/1/2026-07-31/019fb83a-d9db-7611-9392-023a9f90cba9.json
d2.f1.d1.-f2.-d1.-f1.d1.f2.r1.-r0.r0.-r1.-d2.-d1	14	1	original	public-example-cayleypy-2xt4-ihes-example-collect	2026-07-31T12:51:15.850Z	019fb83a-da2e-7f3c-b293-13b129bbfc8a	run-39acc073c64048f6ab0ee42991a7f3ec	a1db0e6d9bb5458c8a842b37dfa99572d3025667	results/v1/cayleypy-ihes-cube/cayleypy-72-18-8d89ca84c2a630e5/1/2026-07-31/019fb83a-da2e-7f3c-b293-13b129bbfc8a.json
'-d0.f1.-d1.f0.d1.-f1.-d1.-f0.d1.r2.-f0.f0.-r2.d0	14	1	original	public-example-cayleypy-2xt4-ihes-example-collect	2026-07-31T12:51:15.866Z	019fb83a-da54-73d7-81b1-0eee57433381	run-39acc073c64048f6ab0ee42991a7f3ec	a1db0e6d9bb5458c8a842b37dfa99572d3025667	results/v1/cayleypy-ihes-cube/cayleypy-72-18-8d89ca84c2a630e5/1/2026-07-31/019fb83a-da54-73d7-81b1-0eee57433381.json
'-d2.-r1.-d2.-d0.-f1.d2.f1.f0.-f0.f0.-f0.d2.d0.r1	14	1	original	public-example-cayleypy-2xt4-ihes-example-collect	2026-07-31T12:51:15.881Z	019fb83a-da67-72fb-933f-7ee449657db7	run-39acc073c64048f6ab0ee42991a7f3ec	a1db0e6d9bb5458c8a842b37dfa99572d3025667	results/v1/cayleypy-ihes-cube/cayleypy-72-18-8d89ca84c2a630e5/1/2026-07-31/019fb83a-da67-72fb-933f-7ee449657db7.json
