solution_path	solution_length	puzzle_id	final_orientation	author_name	submitted_at	submission_id	run_id	solver_commit	record_path	puzzle_directory
'-2D	1	0	original	public-example-cayleypy-2xt4-tetraminx-example	2026-08-01T07:57:16.855Z	019fbc53-d18f-78e6-a5ee-bf0701b8cb82	run-b372fd6ad4fb4b6b8c17ebdbd76b443d	a1db0e6d9bb5458c8a842b37dfa99572d3025667	results/v1/cayley-py-professor-tetraminx-solve-optimally/cayleypy-88-24-2205a85668214f05/0/2026-08-01/019fbc53-d18f-78e6-a5ee-bf0701b8cb82.json	puzzles/p0000
'-2D	1	0	original	public-example-cayleypy-2xt4-tetraminx-example	2026-08-01T09:07:41.140Z	019fbc94-45f1-792b-a518-6eb054d8dc19	run-d6b2104093494a0b95de8612a673dd7d	6d4471c4ab03c528fd7ce1e15c0cc9db11774833	results/v1/cayley-py-professor-tetraminx-solve-optimally/cayleypy-88-24-2205a85668214f05/0/2026-08-01/019fbc94-45f1-792b-a518-6eb054d8dc19.json	puzzles/p0000
'-2D	1	0	original	public-example-cayleypy-2xt4-tetraminx-example	2026-08-01T09:42:43.525Z	019fbcb4-5ae7-7914-8e10-6dea0bcec2db	run-bb3852dc248b48519d469c4583cdaf4b	039a4fb9c699bda644efbb0f8ee7a5b51efbb5d2	results/v1/cayley-py-professor-tetraminx-solve-optimally/cayleypy-88-24-2205a85668214f05/0/2026-08-01/019fbcb4-5ae7-7914-8e10-6dea0bcec2db.json	puzzles/p0000
'-2D	1	0	original	public-example-cayleypy-2xt4-tetraminx-example	2026-08-01T10:22:11.194Z	019fbcd8-7be2-7e21-8596-78ef1f3c8f02	run-10a86b557be041b98ec1191368f58ed1	039a4fb9c699bda644efbb0f8ee7a5b51efbb5d2	results/v1/cayley-py-professor-tetraminx-solve-optimally/cayleypy-88-24-2205a85668214f05/0/2026-08-01/019fbcd8-7be2-7e21-8596-78ef1f3c8f02.json	puzzles/p0000
'-2D	1	0	original	public-example-cayleypy-2xt4-tetraminx-example	2026-08-01T12:50:57.197Z	019fbd60-aec9-73d0-b259-ce38212286e7	run-af0c29a621264c929ba3c92d9c09fc07	cb9e911914bdb4ac63c2b5306f554e5a76b9884e	results/v1/cayley-py-professor-tetraminx-solve-optimally/cayleypy-88-24-2205a85668214f05/0/2026-08-01/019fbd60-aec9-73d0-b259-ce38212286e7.json	puzzles/p0000
'-2D	1	0	original	public-example-cayleypy-2xt4-tetraminx-example	2026-08-01T13:26:32.755Z	019fbd81-4462-7068-acae-0812133e67b2	run-4d46a61948364ae3bb4f22d87c76b2b0	78565a76f06c6a7c1d98a9e871d81cb64df71ee1	results/v1/cayley-py-professor-tetraminx-solve-optimally/cayleypy-88-24-2205a85668214f05/0/2026-08-01/019fbd81-4462-7068-acae-0812133e67b2.json	puzzles/p0000
'-2D	1	0	original	public-example-cayleypy-2xt4-tetraminx-example	2026-08-01T15:40:47.518Z	019fbdfc-2e5a-7357-a6fb-2c5cdcacc804	run-61d9685a65954139a4a8b19ab731b65a	cec74003f262e9d93d2fc0cc56a5e2d49a5010e0	results/v1/cayley-py-professor-tetraminx-solve-optimally/cayleypy-88-24-2205a85668214f05/0/2026-08-01/019fbdfc-2e5a-7357-a6fb-2c5cdcacc804.json	puzzles/p0000
'-2D	1	0	original	public-example-cayleypy-2xt4-tetraminx-example	2026-08-01T18:08:05.311Z	019fbe83-0806-7499-93aa-5e15ff531c82	run-ae2c53de42294524a1d17db098d7801c	f2261a81873ea162a0c36ba8874b9173db8d4083	results/v1/cayley-py-professor-tetraminx-solve-optimally/cayleypy-88-24-2205a85668214f05/0/2026-08-01/019fbe83-0806-7499-93aa-5e15ff531c82.json	puzzles/p0000
'-2D	1	0	original	public-example-cayleypy-2xt4-tetraminx-example	2026-08-01T19:01:43.292Z	019fbeb4-2275-71dd-853c-21859735de99	run-246b29921ba8436492dcf6c1c1140951	f2261a81873ea162a0c36ba8874b9173db8d4083	results/v1/cayley-py-professor-tetraminx-solve-optimally/cayleypy-88-24-2205a85668214f05/0/2026-08-01/019fbeb4-2275-71dd-853c-21859735de99.json	puzzles/p0000
4D.2BR.-2BL.-4F.-2F.2BL.3BL.3D.-3BL.2F.3BL	11	10	original	public-example-cayleypy-2xt4-tetraminx-example	2026-08-01T08:16:57.319Z	019fbc65-d4dc-7c08-ab1d-ad31602bc886	run-f07edfdda9564ccba7a30fd7b36b4c76	a1db0e6d9bb5458c8a842b37dfa99572d3025667	results/v1/cayley-py-professor-tetraminx-solve-optimally/cayleypy-88-24-2205a85668214f05/10/2026-08-01/019fbc65-d4dc-7c08-ab1d-ad31602bc886.json	puzzles/p0010
4D.2F.-4F.-4BL.2BR.2D.-2F.-3D.2F.4D.2BL.4D.-3BR.-4BR.-2D.-2F.-3BL.2D.2F.2BR.2F.-4BR.3BR.-2BR.-2F.2BL.-2F.-2D.2BR.2BL.-4BR	31	999	original	public-example-cayleypy-2xt4-tetraminx-example	2026-08-01T21:00:04.520Z	019fbf20-7d42-7e6c-9a5c-d6c4dc61f62a	run-95be1422731648e782e42ef5341303b4	f2261a81873ea162a0c36ba8874b9173db8d4083	results/v1/cayley-py-professor-tetraminx-solve-optimally/cayleypy-88-24-2205a85668214f05/999/2026-08-01/019fbf20-7d42-7e6c-9a5c-d6c4dc61f62a.json	puzzles/p0999
'-3BL.-2BR.4D.4BL.-2D.-4F.-2BR.3F.4BR.2BL.3D.2F.4BL.-4BR.-3F.-3D.-3F.-2F.2D.3D.3BL.2F.-4D.3BR.-2F.-3BR.2BL.-2F.-3D.2F.-2BL	31	999	original	public-example-cayleypy-2xt4-tetraminx-example	2026-08-02T06:38:41.131Z	019fc132-392a-7b4a-965f-cc458902f5e0	run-d5234244bbb64c29b206340263c374f8	f679504baddbab3765c91af526e57ec9360cf309	results/v1/cayley-py-professor-tetraminx-solve-optimally/cayleypy-88-24-2205a85668214f05/999/2026-08-02/019fc132-392a-7b4a-965f-cc458902f5e0.json	puzzles/p0999
'-4BL.-3D.4D.2F.3D.-4F.2BR.2D.4BR.2BL.-3D.-2F.-3BR.2BL.-4D.-2D.2BL.-3BL.2BR.2BL.-2F.2BR.-4BR.2D.3BR.-2F.-2D.-2F.-2BR.2F.-2BL.2F.2BL	33	999	original	public-example-cayleypy-2xt4-tetraminx-example	2026-08-01T19:29:24.478Z	019fbecd-79e1-78e4-b1b7-0c37d2486610	run-0e860ec71e1748b382c8c57863a45419	f2261a81873ea162a0c36ba8874b9173db8d4083	results/v1/cayley-py-professor-tetraminx-solve-optimally/cayleypy-88-24-2205a85668214f05/999/2026-08-01/019fbecd-79e1-78e4-b1b7-0c37d2486610.json	puzzles/p0999
'-4BL.-3D.4D.2F.3D.-4F.2BR.2D.4BR.2BL.-3D.-2F.-3BR.2BL.-4D.-2D.2BL.-3BL.2BR.2BL.-2F.2BR.-4BR.2D.3BR.-2F.-2D.-2F.-2BR.2F.-2BL.2F.2BL	33	999	original	public-example-cayleypy-2xt4-tetraminx-example	2026-08-01T19:53:29.524Z	019fbee3-868c-79b5-984d-a3d236222b9d	run-26e28fbce2cc43b6871ef241d0fad1e0	f2261a81873ea162a0c36ba8874b9173db8d4083	results/v1/cayley-py-professor-tetraminx-solve-optimally/cayleypy-88-24-2205a85668214f05/999/2026-08-01/019fbee3-868c-79b5-984d-a3d236222b9d.json	puzzles/p0999
4D.-2BL.-4F.2BR.-4BR.-2F.-4BR.-3D.-2BL.-3BR.-4BR.2BR.3BL.-2F.-4D.2BL.-2BR.3BL.2F.-2BR.-4BL.2BR.3BR.-2F.-2BR.-2D.-2F.-2BR.2D.-2BL.-3BL.-2BR.-2BL.2BR.3BL	35	999	original	public-example-cayleypy-2xt4-tetraminx-example	2026-08-01T19:20:51.082Z	019fbec5-a550-7a8a-a6b8-8f7f94541ef2	run-560113a0c9a4453bbecd1a1d68d11ba1	f2261a81873ea162a0c36ba8874b9173db8d4083	results/v1/cayley-py-professor-tetraminx-solve-optimally/cayleypy-88-24-2205a85668214f05/999/2026-08-01/019fbec5-a550-7a8a-a6b8-8f7f94541ef2.json	puzzles/p0999
3D.4D.-4BL.-4F.2BR.2D.2F.3D.4BR.-2F.-2BL.-4D.-2BL.-3BR.-2D.-2F.-4BR.-3BL.3BR.-2BL.3BR.2BL.-3BR.-2D.-2BR.-2BL.2D.2BL.2D.2BR.-2D.2BL.-3BR.-2BL.2BR.2BL.3BR.-2BL	38	999	original	public-example-cayleypy-2xt4-tetraminx-example	2026-08-01T19:09:57.011Z	019fbebb-aadc-74f7-9a05-c6f77d08f769	run-e01a34bc72bf4b98b40d5f09e81e3ded	f2261a81873ea162a0c36ba8874b9173db8d4083	results/v1/cayley-py-professor-tetraminx-solve-optimally/cayleypy-88-24-2205a85668214f05/999/2026-08-01/019fbebb-aadc-74f7-9a05-c6f77d08f769.json	puzzles/p0999
